[{"model": "admin.logentry", "pk": 1, "fields": {"action_time": "2025-06-29T04:46:57.752Z", "user": 1, "content_type": 7, "object_id": "1", "object_repr": "Подбор запчастей по модели", "action_flag": 1, "change_message": "[{\"added\": {}}]"}}, {"model": "admin.logentry", "pk": 2, "fields": {"action_time": "2025-06-29T04:47:20.779Z", "user": 1, "content_type": 7, "object_id": "2", "object_repr": "BMW запчасти б/у", "action_flag": 1, "change_message": "[{\"added\": {}}]"}}, {"model": "admin.logentry", "pk": 3, "fields": {"action_time": "2025-06-29T04:48:36.384Z", "user": 1, "content_type": 8, "object_id": "1", "object_repr": "Балон Bmw", "action_flag": 1, "change_message": "[{\"added\": {}}]"}}, {"model": "admin.logentry", "pk": 4, "fields": {"action_time": "2025-06-29T04:49:02.362Z", "user": 1, "content_type": 8, "object_id": "1", "object_repr": "Балон Bmw", "action_flag": 2, "change_message": "[{\"changed\": {\"fields\": [\"\\u0424\\u043e\\u0442\\u043e\"]}}]"}}, {"model": "admin.logentry", "pk": 5, "fields": {"action_time": "2025-06-29T04:50:50.681Z", "user": 1, "content_type": 7, "object_id": "3", "object_repr": "Ducati запчасти б/у", "action_flag": 1, "change_message": "[{\"added\": {}}]"}}, {"model": "admin.logentry", "pk": 6, "fields": {"action_time": "2025-06-29T04:51:06.401Z", "user": 1, "content_type": 7, "object_id": "4", "object_repr": "Harley-Davidson запчасти б/у", "action_flag": 1, "change_message": "[{\"added\": {}}]"}}, {"model": "admin.logentry", "pk": 7, "fields": {"action_time": "2025-06-29T04:51:14.914Z", "user": 1, "content_type": 7, "object_id": "5", "object_repr": "Honda запчасти б/у", "action_flag": 1, "change_message": "[{\"added\": {}}]"}}, {"model": "admin.logentry", "pk": 8, "fields": {"action_time": "2025-06-29T04:51:23.315Z", "user": 1, "content_type": 7, "object_id": "6", "object_repr": "Kawasaki запчасти б/у", "action_flag": 1, "change_message": "[{\"added\": {}}]"}}, {"model": "admin.logentry", "pk": 9, "fields": {"action_time": "2025-06-29T04:51:31.373Z", "user": 1, "content_type": 7, "object_id": "7", "object_repr": "KTM запчасти б/у", "action_flag": 1, "change_message": "[{\"added\": {}}]"}}, {"model": "admin.logentry", "pk": 10, "fields": {"action_time": "2025-06-29T04:51:40.380Z", "user": 1, "content_type": 7, "object_id": "8", "object_repr": "Suzuki запчасти б/у", "action_flag": 1, "change_message": "[{\"added\": {}}]"}}, {"model": "admin.logentry", "pk": 11, "fields": {"action_time": "2025-06-29T04:51:47.776Z", "user": 1, "content_type": 7, "object_id": "9", "object_repr": "Triumph запчасти б/у", "action_flag": 1, "change_message": "[{\"added\": {}}]"}}, {"model": "admin.logentry", "pk": 12, "fields": {"action_time": "2025-06-29T04:51:55.080Z", "user": 1, "content_type": 7, "object_id": "10", "object_repr": "Yamaha запчасти б/у", "action_flag": 1, "change_message": "[{\"added\": {}}]"}}, {"model": "admin.logentry", "pk": 13, "fields": {"action_time": "2025-06-29T04:52:09.175Z", "user": 1, "content_type": 7, "object_id": "11", "object_repr": "Yamaha Dragstar 1100", "action_flag": 1, "change_message": "[{\"added\": {}}]"}}, {"model": "admin.logentry", "pk": 14, "fields": {"action_time": "2025-06-29T05:18:38.671Z", "user": 1, "content_type": 7, "object_id": "24", "object_repr": "450cc", "action_flag": 2, "change_message": "[{\"changed\": {\"fields\": [\"Meta Title\", \"Meta Description\", \"Meta Keywords\"]}}]"}}, {"model": "admin.logentry", "pk": 15, "fields": {"action_time": "2025-06-29T05:21:18.981Z", "user": 1, "content_type": 11, "object_id": "1", "object_repr": "SEO настройки motolom24", "action_flag": 2, "change_message": "[{\"changed\": {\"fields\": [\"Robots.txt\"]}}]"}}, {"model": "admin.logentry", "pk": 16, "fields": {"action_time": "2025-06-29T05:30:22.377Z", "user": 1, "content_type": 11, "object_id": "1", "object_repr": "SEO настройки motolom24", "action_flag": 2, "change_message": "[{\"changed\": {\"fields\": [\"\\u042f\\u043d\\u0434\\u0435\\u043a\\u0441.\\u041c\\u0435\\u0442\\u0440\\u0438\\u043a\\u0430 ID\"]}}]"}}, {"model": "admin.logentry", "pk": 17, "fields": {"action_time": "2025-06-29T05:35:22.813Z", "user": 1, "content_type": 8, "object_id": "25", "object_repr": "Тестовый товар", "action_flag": 1, "change_message": "[{\"added\": {}}]"}}, {"model": "admin.logentry", "pk": 18, "fields": {"action_time": "2025-06-29T10:10:27.349Z", "user": 1, "content_type": 14, "object_id": "1", "object_repr": "Баннер 1", "action_flag": 1, "change_message": "[{\"added\": {}}]"}}, {"model": "admin.logentry", "pk": 19, "fields": {"action_time": "2025-06-29T10:10:58.944Z", "user": 1, "content_type": 15, "object_id": "1", "object_repr": "Настройки главной страницы", "action_flag": 2, "change_message": "[{\"changed\": {\"fields\": [\"\\u0422\\u0435\\u043a\\u0441\\u0442\\u043e\\u0432\\u044b\\u0439 \\u0431\\u043b\\u043e\\u043a \\u043d\\u0430 \\u0433\\u043b\\u0430\\u0432\\u043d\\u043e\\u0439\"]}}]"}}, {"model": "admin.logentry", "pk": 20, "fields": {"action_time": "2025-06-29T10:12:06.008Z", "user": 1, "content_type": 9, "object_id": "7", "object_repr": "Новая страница", "action_flag": 1, "change_message": "[{\"added\": {}}]"}}, {"model": "admin.logentry", "pk": 21, "fields": {"action_time": "2025-06-29T10:16:10.798Z", "user": 1, "content_type": 16, "object_id": "1", "object_repr": "1", "action_flag": 1, "change_message": "[{\"added\": {}}]"}}, {"model": "admin.logentry", "pk": 22, "fields": {"action_time": "2025-06-29T10:18:06.769Z", "user": 1, "content_type": 16, "object_id": "1", "object_repr": "Выкуп мотоциклов", "action_flag": 2, "change_message": "[{\"changed\": {\"fields\": [\"\\u041d\\u0430\\u0437\\u0432\\u0430\\u043d\\u0438\\u0435\", \"\\u0421\\u0441\\u044b\\u043b\\u043a\\u0430\"]}}]"}}, {"model": "admin.logentry", "pk": 23, "fields": {"action_time": "2025-06-29T10:18:38.839Z", "user": 1, "content_type": 16, "object_id": "2", "object_repr": "Контакты", "action_flag": 1, "change_message": "[{\"added\": {}}]"}}, {"model": "admin.logentry", "pk": 24, "fields": {"action_time": "2025-06-29T10:19:02.116Z", "user": 1, "content_type": 16, "object_id": "3", "object_repr": "Условия и доставка", "action_flag": 1, "change_message": "[{\"added\": {}}]"}}, {"model": "admin.logentry", "pk": 25, "fields": {"action_time": "2025-06-29T10:19:22.785Z", "user": 1, "content_type": 16, "object_id": "1", "object_repr": "Выкуп мотоциклов", "action_flag": 2, "change_message": "[{\"changed\": {\"fields\": [\"\\u041f\\u043e\\u0440\\u044f\\u0434\\u043e\\u043a\"]}}]"}}, {"model": "admin.logentry", "pk": 26, "fields": {"action_time": "2025-06-29T10:19:22.786Z", "user": 1, "content_type": 16, "object_id": "2", "object_repr": "Контакты", "action_flag": 2, "change_message": "[{\"changed\": {\"fields\": [\"\\u041f\\u043e\\u0440\\u044f\\u0434\\u043e\\u043a\"]}}]"}}, {"model": "admin.logentry", "pk": 27, "fields": {"action_time": "2025-06-29T10:19:22.787Z", "user": 1, "content_type": 16, "object_id": "3", "object_repr": "Условия и доставка", "action_flag": 2, "change_message": "[{\"changed\": {\"fields\": [\"\\u041f\\u043e\\u0440\\u044f\\u0434\\u043e\\u043a\"]}}]"}}, {"model": "admin.logentry", "pk": 28, "fields": {"action_time": "2025-06-29T10:19:46.370Z", "user": 1, "content_type": 16, "object_id": "4", "object_repr": "Каталог", "action_flag": 1, "change_message": "[{\"added\": {}}]"}}, {"model": "admin.logentry", "pk": 29, "fields": {"action_time": "2025-06-29T10:20:43.823Z", "user": 1, "content_type": 16, "object_id": "4", "object_repr": "Каталог", "action_flag": 2, "change_message": "[{\"changed\": {\"fields\": [\"\\u0421\\u0441\\u044b\\u043b\\u043a\\u0430\"]}}]"}}, {"model": "admin.logentry", "pk": 30, "fields": {"action_time": "2025-06-29T10:25:14.643Z", "user": 1, "content_type": 17, "object_id": "1", "object_repr": "Настройки подвала сайта", "action_flag": 2, "change_message": "[{\"changed\": {\"fields\": [\"\\u0422\\u0435\\u043a\\u0441\\u0442\\u043e\\u0432\\u044b\\u0439 \\u0431\\u043b\\u043e\\u043a \\u043f\\u043e\\u0434\\u0432\\u0430\\u043b\\u0430\"]}}]"}}, {"model": "admin.logentry", "pk": 31, "fields": {"action_time": "2025-06-29T10:30:32.076Z", "user": 1, "content_type": 18, "object_id": "1", "object_repr": "Настройки сайта", "action_flag": 2, "change_message": "[{\"changed\": {\"fields\": [\"\\u041b\\u043e\\u0433\\u043e\\u0442\\u0438\\u043f\"]}}]"}}, {"model": "admin.logentry", "pk": 32, "fields": {"action_time": "2025-06-29T10:34:25.125Z", "user": 1, "content_type": 18, "object_id": "1", "object_repr": "Настройки сайта", "action_flag": 2, "change_message": "[{\"changed\": {\"fields\": [\"\\u041b\\u043e\\u0433\\u043e\\u0442\\u0438\\u043f\"]}}]"}}, {"model": "admin.logentry", "pk": 33, "fields": {"action_time": "2025-06-29T10:35:47.237Z", "user": 1, "content_type": 18, "object_id": "1", "object_repr": "Настройки сайта", "action_flag": 2, "change_message": "[{\"changed\": {\"fields\": [\"\\u041b\\u043e\\u0433\\u043e\\u0442\\u0438\\u043f\"]}}]"}}, {"model": "admin.logentry", "pk": 34, "fields": {"action_time": "2025-06-29T10:36:17.685Z", "user": 1, "content_type": 18, "object_id": "1", "object_repr": "Настройки сайта", "action_flag": 2, "change_message": "[{\"changed\": {\"fields\": [\"\\u041b\\u043e\\u0433\\u043e\\u0442\\u0438\\u043f\"]}}]"}}, {"model": "admin.logentry", "pk": 35, "fields": {"action_time": "2025-06-29T10:36:22.367Z", "user": 1, "content_type": 18, "object_id": "1", "object_repr": "Настройки сайта", "action_flag": 2, "change_message": "[{\"changed\": {\"fields\": [\"\\u041b\\u043e\\u0433\\u043e\\u0442\\u0438\\u043f\"]}}]"}}, {"model": "admin.logentry", "pk": 36, "fields": {"action_time": "2025-06-29T10:39:27.603Z", "user": 1, "content_type": 14, "object_id": "2", "object_repr": "2", "action_flag": 1, "change_message": "[{\"added\": {}}]"}}, {"model": "admin.logentry", "pk": 37, "fields": {"action_time": "2025-06-29T10:46:48.303Z", "user": 1, "content_type": 7, "object_id": "25", "object_repr": "Запчасти Б\\У", "action_flag": 1, "change_message": "[{\"added\": {}}]"}}, {"model": "admin.logentry", "pk": 38, "fields": {"action_time": "2025-06-29T10:47:01.875Z", "user": 1, "content_type": 7, "object_id": "26", "object_repr": "Yamaha запчасти б/у", "action_flag": 1, "change_message": "[{\"added\": {}}]"}}, {"model": "admin.logentry", "pk": 39, "fields": {"action_time": "2025-06-29T10:47:20.746Z", "user": 1, "content_type": 7, "object_id": "27", "object_repr": "Yamaha BT1100", "action_flag": 1, "change_message": "[{\"added\": {}}]"}}, {"model": "admin.logentry", "pk": 40, "fields": {"action_time": "2025-06-29T10:48:48.210Z", "user": 1, "content_type": 7, "object_id": "24", "object_repr": "450cc", "action_flag": 3, "change_message": ""}}, {"model": "admin.logentry", "pk": 41, "fields": {"action_time": "2025-06-29T10:48:48.210Z", "user": 1, "content_type": 7, "object_id": "23", "object_repr": "250cc", "action_flag": 3, "change_message": ""}}, {"model": "admin.logentry", "pk": 42, "fields": {"action_time": "2025-06-29T10:48:48.210Z", "user": 1, "content_type": 7, "object_id": "22", "object_repr": "1000cc", "action_flag": 3, "change_message": ""}}, {"model": "admin.logentry", "pk": 43, "fields": {"action_time": "2025-06-29T10:48:48.210Z", "user": 1, "content_type": 7, "object_id": "21", "object_repr": "600cc", "action_flag": 3, "change_message": ""}}, {"model": "admin.logentry", "pk": 44, "fields": {"action_time": "2025-06-29T10:48:48.210Z", "user": 1, "content_type": 7, "object_id": "20", "object_repr": "Тормоза", "action_flag": 3, "change_message": ""}}, {"model": "admin.logentry", "pk": 45, "fields": {"action_time": "2025-06-29T10:48:48.210Z", "user": 1, "content_type": 7, "object_id": "19", "object_repr": "Трансмиссия", "action_flag": 3, "change_message": ""}}, {"model": "admin.logentry", "pk": 46, "fields": {"action_time": "2025-06-29T10:48:48.210Z", "user": 1, "content_type": 7, "object_id": "18", "object_repr": "Двигатель", "action_flag": 3, "change_message": ""}}, {"model": "admin.logentry", "pk": 47, "fields": {"action_time": "2025-06-29T10:48:48.210Z", "user": 1, "content_type": 7, "object_id": "17", "object_repr": "Эндуро", "action_flag": 3, "change_message": ""}}, {"model": "admin.logentry", "pk": 48, "fields": {"action_time": "2025-06-29T10:48:48.210Z", "user": 1, "content_type": 7, "object_id": "16", "object_repr": "Круизеры", "action_flag": 3, "change_message": ""}}, {"model": "admin.logentry", "pk": 49, "fields": {"action_time": "2025-06-29T10:48:48.210Z", "user": 1, "content_type": 7, "object_id": "15", "object_repr": "Спортивные", "action_flag": 3, "change_message": ""}}, {"model": "admin.logentry", "pk": 50, "fields": {"action_time": "2025-06-29T10:48:48.210Z", "user": 1, "content_type": 7, "object_id": "14", "object_repr": "Аксессуары", "action_flag": 3, "change_message": ""}}, {"model": "admin.logentry", "pk": 51, "fields": {"action_time": "2025-06-29T10:48:48.210Z", "user": 1, "content_type": 7, "object_id": "13", "object_repr": "Запчасти", "action_flag": 3, "change_message": ""}}, {"model": "admin.logentry", "pk": 52, "fields": {"action_time": "2025-06-29T10:49:50.736Z", "user": 1, "content_type": 8, "object_id": "26", "object_repr": "Honda CBR 600 RR 2007 года", "action_flag": 1, "change_message": "[{\"added\": {}}]"}}, {"model": "admin.logentry", "pk": 53, "fields": {"action_time": "2025-06-29T10:50:05.810Z", "user": 1, "content_type": 8, "object_id": "26", "object_repr": "Honda CBR 600 RR 2007 года", "action_flag": 2, "change_message": "[{\"changed\": {\"fields\": [\"\\u0424\\u043e\\u0442\\u043e\"]}}]"}}, {"model": "admin.logentry", "pk": 54, "fields": {"action_time": "2025-06-29T10:51:32.299Z", "user": 1, "content_type": 8, "object_id": "27", "object_repr": "Двигатель P610E", "action_flag": 1, "change_message": "[{\"added\": {}}]"}}, {"model": "admin.logentry", "pk": 55, "fields": {"action_time": "2025-06-29T10:53:05.422Z", "user": 1, "content_type": 9, "object_id": "5", "object_repr": "Выкуп мотоциклов", "action_flag": 2, "change_message": "[{\"changed\": {\"fields\": [\"\\u0421\\u043e\\u0434\\u0435\\u0440\\u0436\\u0430\\u043d\\u0438\\u0435\"]}}]"}}, {"model": "admin.logentry", "pk": 56, "fields": {"action_time": "2025-06-29T10:53:38.726Z", "user": 1, "content_type": 9, "object_id": "4", "object_repr": "Условия и доставка", "action_flag": 2, "change_message": "[{\"changed\": {\"fields\": [\"\\u0421\\u043e\\u0434\\u0435\\u0440\\u0436\\u0430\\u043d\\u0438\\u0435\"]}}]"}}, {"model": "admin.logentry", "pk": 57, "fields": {"action_time": "2025-06-29T10:53:57.054Z", "user": 1, "content_type": 9, "object_id": "6", "object_repr": "Контакты", "action_flag": 2, "change_message": "[{\"changed\": {\"fields\": [\"\\u0421\\u043e\\u0434\\u0435\\u0440\\u0436\\u0430\\u043d\\u0438\\u0435\"]}}]"}}, {"model": "admin.logentry", "pk": 58, "fields": {"action_time": "2025-06-29T16:00:10.588Z", "user": 1, "content_type": 19, "object_id": "42", "object_repr": "logo_sait_XwA3rmU.png", "action_flag": 2, "change_message": "[{\"changed\": {\"fields\": [\"\\u0410\\u043a\\u0442\\u0438\\u0432\\u0435\\u043d\"]}}]"}}, {"model": "admin.logentry", "pk": 59, "fields": {"action_time": "2025-06-29T16:00:10.589Z", "user": 1, "content_type": 19, "object_id": "41", "object_repr": "logo_sait_nypVK7z.png", "action_flag": 2, "change_message": "[{\"changed\": {\"fields\": [\"\\u0410\\u043a\\u0442\\u0438\\u0432\\u0435\\u043d\"]}}]"}}, {"model": "admin.logentry", "pk": 60, "fields": {"action_time": "2025-06-29T16:00:10.589Z", "user": 1, "content_type": 19, "object_id": "40", "object_repr": "logo_sait.png", "action_flag": 2, "change_message": "[{\"changed\": {\"fields\": [\"\\u0410\\u043a\\u0442\\u0438\\u0432\\u0435\\u043d\"]}}]"}}, {"model": "admin.logentry", "pk": 61, "fields": {"action_time": "2025-06-29T16:03:44.048Z", "user": 1, "content_type": 19, "object_id": "49", "object_repr": "freepik__the-style-is-candid-image-photography-with-natural__47966_UQmhn6Q.jpeg", "action_flag": 3, "change_message": ""}}, {"model": "admin.logentry", "pk": 62, "fields": {"action_time": "2025-06-29T16:03:44.048Z", "user": 1, "content_type": 19, "object_id": "48", "object_repr": "freepik__the-style-is-candid-image-photography-with-natural__47966.jpeg", "action_flag": 3, "change_message": ""}}, {"model": "admin.logentry", "pk": 63, "fields": {"action_time": "2025-06-29T16:03:44.048Z", "user": 1, "content_type": 19, "object_id": "46", "object_repr": "freepik__the-style-is-candid-image-photography-with-na_zzHuPc1.jpeg", "action_flag": 3, "change_message": ""}}, {"model": "admin.logentry", "pk": 64, "fields": {"action_time": "2025-06-29T16:03:44.048Z", "user": 1, "content_type": 19, "object_id": "45", "object_repr": "freepik__the-style-is-candid-image-photography-with-na_FtuTlND.jpeg", "action_flag": 3, "change_message": ""}}, {"model": "admin.logentry", "pk": 65, "fields": {"action_time": "2025-06-29T16:03:44.048Z", "user": 1, "content_type": 19, "object_id": "44", "object_repr": "freepik__the-style-is-candid-image-photography-with-na_al2eDgc.jpeg", "action_flag": 3, "change_message": ""}}, {"model": "admin.logentry", "pk": 66, "fields": {"action_time": "2025-06-29T16:03:44.048Z", "user": 1, "content_type": 19, "object_id": "43", "object_repr": "freepik__the-style-is-candid-image-photography-with-na_ad96xXH.jpeg", "action_flag": 3, "change_message": ""}}, {"model": "admin.logentry", "pk": 67, "fields": {"action_time": "2025-06-29T16:03:56.188Z", "user": 1, "content_type": 19, "object_id": "42", "object_repr": "logo_sait_XwA3rmU.png", "action_flag": 3, "change_message": ""}}, {"model": "admin.logentry", "pk": 68, "fields": {"action_time": "2025-06-29T16:03:56.188Z", "user": 1, "content_type": 19, "object_id": "41", "object_repr": "logo_sait_nypVK7z.png", "action_flag": 3, "change_message": ""}}, {"model": "admin.logentry", "pk": 69, "fields": {"action_time": "2025-06-29T16:03:56.188Z", "user": 1, "content_type": 19, "object_id": "40", "object_repr": "logo_sait.png", "action_flag": 3, "change_message": ""}}, {"model": "admin.logentry", "pk": 70, "fields": {"action_time": "2025-06-29T16:04:21.328Z", "user": 1, "content_type": 19, "object_id": "39", "object_repr": "logo24.png", "action_flag": 3, "change_message": ""}}, {"model": "admin.logentry", "pk": 71, "fields": {"action_time": "2025-06-29T16:04:43.528Z", "user": 1, "content_type": 19, "object_id": "36", "object_repr": "freepik__the-style-is-candid-image-photogr_w1gFGJE.jpeg", "action_flag": 3, "change_message": ""}}, {"model": "admin.logentry", "pk": 72, "fields": {"action_time": "2025-06-29T16:04:43.528Z", "user": 1, "content_type": 19, "object_id": "35", "object_repr": "freepik__the-style-is-candid-image-photogr_R7AEMWI.jpeg", "action_flag": 3, "change_message": ""}}, {"model": "admin.logentry", "pk": 73, "fields": {"action_time": "2025-06-29T16:04:43.528Z", "user": 1, "content_type": 19, "object_id": "32", "object_repr": "freepik__the-style-is-candid-image-photography-with-natural__47966_UQmhn6Q.jpeg", "action_flag": 3, "change_message": ""}}, {"model": "admin.logentry", "pk": 74, "fields": {"action_time": "2025-06-29T16:04:43.528Z", "user": 1, "content_type": 19, "object_id": "31", "object_repr": "freepik__the-style-is-candid-image-photography-with-natural__47966.jpeg", "action_flag": 3, "change_message": ""}}, {"model": "admin.logentry", "pk": 75, "fields": {"action_time": "2025-06-29T16:04:43.528Z", "user": 1, "content_type": 19, "object_id": "30", "object_repr": "logo_sait_XwA3rmU.png", "action_flag": 3, "change_message": ""}}, {"model": "admin.logentry", "pk": 76, "fields": {"action_time": "2025-06-29T16:04:43.528Z", "user": 1, "content_type": 19, "object_id": "29", "object_repr": "logo_sait_nypVK7z.png", "action_flag": 3, "change_message": ""}}, {"model": "admin.logentry", "pk": 77, "fields": {"action_time": "2025-06-29T16:04:43.528Z", "user": 1, "content_type": 19, "object_id": "28", "object_repr": "logo_sait.png", "action_flag": 3, "change_message": ""}}, {"model": "admin.logentry", "pk": 78, "fields": {"action_time": "2025-06-29T16:04:43.528Z", "user": 1, "content_type": 19, "object_id": "27", "object_repr": "logo24.png", "action_flag": 3, "change_message": ""}}, {"model": "admin.logentry", "pk": 79, "fields": {"action_time": "2025-06-29T16:04:43.528Z", "user": 1, "content_type": 19, "object_id": "20", "object_repr": "logo_sait_XwA3rmU.png", "action_flag": 3, "change_message": ""}}, {"model": "admin.logentry", "pk": 80, "fields": {"action_time": "2025-06-29T16:04:43.528Z", "user": 1, "content_type": 19, "object_id": "19", "object_repr": "logo_sait_nypVK7z.png", "action_flag": 3, "change_message": ""}}, {"model": "admin.logentry", "pk": 81, "fields": {"action_time": "2025-06-29T16:04:43.528Z", "user": 1, "content_type": 19, "object_id": "18", "object_repr": "logo_sait.png", "action_flag": 3, "change_message": ""}}, {"model": "admin.logentry", "pk": 82, "fields": {"action_time": "2025-06-29T16:05:03.562Z", "user": 1, "content_type": 19, "object_id": "47", "object_repr": "photo_2025-05-11_20-55-19_25_magicstudio_gt2lg04319n.png", "action_flag": 3, "change_message": ""}}, {"model": "admin.logentry", "pk": 83, "fields": {"action_time": "2025-06-29T16:05:03.562Z", "user": 1, "content_type": 19, "object_id": "38", "object_repr": "photo_2025-05-11_20-55-19_25_magicstudio_gt_xQqTbyv.png", "action_flag": 3, "change_message": ""}}, {"model": "admin.logentry", "pk": 84, "fields": {"action_time": "2025-06-29T16:05:03.562Z", "user": 1, "content_type": 19, "object_id": "37", "object_repr": "photo_2024-09-18_14-52-55.jpg", "action_flag": 3, "change_message": ""}}, {"model": "admin.logentry", "pk": 85, "fields": {"action_time": "2025-06-29T16:05:03.562Z", "user": 1, "content_type": 19, "object_id": "34", "object_repr": "banner_avito_pc_2.jpg", "action_flag": 3, "change_message": ""}}, {"model": "admin.logentry", "pk": 86, "fields": {"action_time": "2025-06-29T16:05:03.562Z", "user": 1, "content_type": 19, "object_id": "33", "object_repr": "banner_avito_1.jpg", "action_flag": 3, "change_message": ""}}, {"model": "admin.logentry", "pk": 87, "fields": {"action_time": "2025-06-29T16:05:03.562Z", "user": 1, "content_type": 19, "object_id": "26", "object_repr": "photo_2025-05-11_20-55-19_25_magicstudio_gt2lg04319n.png", "action_flag": 3, "change_message": ""}}, {"model": "admin.logentry", "pk": 88, "fields": {"action_time": "2025-06-29T16:05:03.562Z", "user": 1, "content_type": 19, "object_id": "25", "object_repr": "photo_2024-09-18_14-52-55.jpg", "action_flag": 3, "change_message": ""}}, {"model": "admin.logentry", "pk": 89, "fields": {"action_time": "2025-06-29T16:05:03.562Z", "user": 1, "content_type": 19, "object_id": "24", "object_repr": "freepik__the-style-is-candid-image-photography-with-na_FtuTlND.jpeg", "action_flag": 3, "change_message": ""}}, {"model": "admin.logentry", "pk": 90, "fields": {"action_time": "2025-06-29T16:05:03.562Z", "user": 1, "content_type": 19, "object_id": "23", "object_repr": "freepik__the-style-is-candid-image-photography-with-na_ad96xXH.jpeg", "action_flag": 3, "change_message": ""}}, {"model": "admin.logentry", "pk": 91, "fields": {"action_time": "2025-06-29T16:05:03.562Z", "user": 1, "content_type": 19, "object_id": "22", "object_repr": "banner_avito_pc_2.jpg", "action_flag": 3, "change_message": ""}}, {"model": "admin.logentry", "pk": 92, "fields": {"action_time": "2025-06-29T16:05:03.562Z", "user": 1, "content_type": 19, "object_id": "21", "object_repr": "banner_avito_1.jpg", "action_flag": 3, "change_message": ""}}, {"model": "admin.logentry", "pk": 93, "fields": {"action_time": "2025-06-29T16:05:03.562Z", "user": 1, "content_type": 19, "object_id": "17", "object_repr": "logo24.png", "action_flag": 3, "change_message": ""}}, {"model": "admin.logentry", "pk": 94, "fields": {"action_time": "2025-06-29T16:05:03.562Z", "user": 1, "content_type": 19, "object_id": "16", "object_repr": "photo_2025-05-11_20-55-19_25_magicstudio_gt2lg04319n.png", "action_flag": 3, "change_message": ""}}, {"model": "admin.logentry", "pk": 95, "fields": {"action_time": "2025-06-29T16:05:03.562Z", "user": 1, "content_type": 19, "object_id": "15", "object_repr": "photo_2024-09-18_14-52-55.jpg", "action_flag": 3, "change_message": ""}}, {"model": "admin.logentry", "pk": 96, "fields": {"action_time": "2025-06-29T16:05:03.562Z", "user": 1, "content_type": 19, "object_id": "14", "object_repr": "freepik__the-style-is-candid-image-photography-with-natural__47966_UQmhn6Q.jpeg", "action_flag": 3, "change_message": ""}}, {"model": "admin.logentry", "pk": 97, "fields": {"action_time": "2025-06-29T16:05:03.562Z", "user": 1, "content_type": 19, "object_id": "13", "object_repr": "freepik__the-style-is-candid-image-photography-with-natural__47966.jpeg", "action_flag": 3, "change_message": ""}}, {"model": "admin.logentry", "pk": 98, "fields": {"action_time": "2025-06-29T16:05:03.562Z", "user": 1, "content_type": 19, "object_id": "12", "object_repr": "banner_avito_pc_2.jpg", "action_flag": 3, "change_message": ""}}, {"model": "admin.logentry", "pk": 99, "fields": {"action_time": "2025-06-29T16:05:03.562Z", "user": 1, "content_type": 19, "object_id": "11", "object_repr": "banner_avito_1.jpg", "action_flag": 3, "change_message": ""}}, {"model": "admin.logentry", "pk": 100, "fields": {"action_time": "2025-06-29T16:05:03.562Z", "user": 1, "content_type": 19, "object_id": "10", "object_repr": "logo_sait_XwA3rmU.png", "action_flag": 3, "change_message": ""}}, {"model": "admin.logentry", "pk": 101, "fields": {"action_time": "2025-06-29T16:05:03.562Z", "user": 1, "content_type": 19, "object_id": "9", "object_repr": "logo_sait_nypVK7z.png", "action_flag": 3, "change_message": ""}}, {"model": "admin.logentry", "pk": 102, "fields": {"action_time": "2025-06-29T16:05:03.562Z", "user": 1, "content_type": 19, "object_id": "8", "object_repr": "logo_sait.png", "action_flag": 3, "change_message": ""}}, {"model": "admin.logentry", "pk": 103, "fields": {"action_time": "2025-06-29T16:05:03.562Z", "user": 1, "content_type": 19, "object_id": "7", "object_repr": "logo24.png", "action_flag": 3, "change_message": ""}}, {"model": "admin.logentry", "pk": 104, "fields": {"action_time": "2025-06-29T16:05:03.562Z", "user": 1, "content_type": 19, "object_id": "6", "object_repr": "photo_2025-05-11_20-55-19_25_magicstudio_gt2lg04319n.png", "action_flag": 3, "change_message": ""}}, {"model": "admin.logentry", "pk": 105, "fields": {"action_time": "2025-06-29T16:05:03.562Z", "user": 1, "content_type": 19, "object_id": "5", "object_repr": "photo_2024-09-18_14-52-55.jpg", "action_flag": 3, "change_message": ""}}, {"model": "admin.logentry", "pk": 106, "fields": {"action_time": "2025-06-29T16:05:03.562Z", "user": 1, "content_type": 19, "object_id": "4", "object_repr": "freepik__the-style-is-candid-image-photography-with-natural__47966_UQmhn6Q.jpeg", "action_flag": 3, "change_message": ""}}, {"model": "admin.logentry", "pk": 107, "fields": {"action_time": "2025-06-29T16:05:03.563Z", "user": 1, "content_type": 19, "object_id": "3", "object_repr": "freepik__the-style-is-candid-image-photography-with-natural__47966.jpeg", "action_flag": 3, "change_message": ""}}, {"model": "admin.logentry", "pk": 108, "fields": {"action_time": "2025-06-29T16:05:03.563Z", "user": 1, "content_type": 19, "object_id": "2", "object_repr": "banner_avito_pc_2.jpg", "action_flag": 3, "change_message": ""}}, {"model": "admin.logentry", "pk": 109, "fields": {"action_time": "2025-06-29T16:05:03.563Z", "user": 1, "content_type": 19, "object_id": "1", "object_repr": "banner_avito_1.jpg", "action_flag": 3, "change_message": ""}}, {"model": "admin.logentry", "pk": 110, "fields": {"action_time": "2025-06-29T16:06:36.258Z", "user": 1, "content_type": 19, "object_id": "128", "object_repr": "logo_sait_XwA3rmU.png", "action_flag": 3, "change_message": ""}}, {"model": "admin.logentry", "pk": 111, "fields": {"action_time": "2025-06-29T16:06:36.258Z", "user": 1, "content_type": 19, "object_id": "127", "object_repr": "logo_sait_nypVK7z.png", "action_flag": 3, "change_message": ""}}, {"model": "admin.logentry", "pk": 112, "fields": {"action_time": "2025-06-29T16:06:36.258Z", "user": 1, "content_type": 19, "object_id": "126", "object_repr": "logo_sait.png", "action_flag": 3, "change_message": ""}}, {"model": "admin.logentry", "pk": 113, "fields": {"action_time": "2025-06-29T16:06:36.258Z", "user": 1, "content_type": 19, "object_id": "125", "object_repr": "logo24.png", "action_flag": 3, "change_message": ""}}, {"model": "admin.logentry", "pk": 114, "fields": {"action_time": "2025-06-29T16:06:36.258Z", "user": 1, "content_type": 19, "object_id": "124", "object_repr": "photo_2025-05-11_20-55-19_25_magicstudio_gt2lg04319n.png", "action_flag": 3, "change_message": ""}}, {"model": "admin.logentry", "pk": 115, "fields": {"action_time": "2025-06-29T16:06:36.258Z", "user": 1, "content_type": 19, "object_id": "123", "object_repr": "photo_2024-09-18_14-52-55.jpg", "action_flag": 3, "change_message": ""}}, {"model": "admin.logentry", "pk": 116, "fields": {"action_time": "2025-06-29T16:06:36.258Z", "user": 1, "content_type": 19, "object_id": "122", "object_repr": "freepik__the-style-is-candid-image-photography-with-natural__47966_UQmhn6Q.jpeg", "action_flag": 3, "change_message": ""}}, {"model": "admin.logentry", "pk": 117, "fields": {"action_time": "2025-06-29T16:06:36.258Z", "user": 1, "content_type": 19, "object_id": "121", "object_repr": "freepik__the-style-is-candid-image-photography-with-natural__47966.jpeg", "action_flag": 3, "change_message": ""}}, {"model": "admin.logentry", "pk": 118, "fields": {"action_time": "2025-06-29T16:06:36.258Z", "user": 1, "content_type": 19, "object_id": "120", "object_repr": "logo_sait_XwA3rmU.png", "action_flag": 3, "change_message": ""}}, {"model": "admin.logentry", "pk": 119, "fields": {"action_time": "2025-06-29T16:06:36.258Z", "user": 1, "content_type": 19, "object_id": "119", "object_repr": "logo_sait_nypVK7z.png", "action_flag": 3, "change_message": ""}}, {"model": "admin.logentry", "pk": 120, "fields": {"action_time": "2025-06-29T16:06:36.258Z", "user": 1, "content_type": 19, "object_id": "118", "object_repr": "logo_sait.png", "action_flag": 3, "change_message": ""}}, {"model": "admin.logentry", "pk": 121, "fields": {"action_time": "2025-06-29T16:06:36.258Z", "user": 1, "content_type": 19, "object_id": "117", "object_repr": "logo24.png", "action_flag": 3, "change_message": ""}}, {"model": "admin.logentry", "pk": 122, "fields": {"action_time": "2025-06-29T16:06:36.258Z", "user": 1, "content_type": 19, "object_id": "116", "object_repr": "photo_2025-05-11_20-55-19_25_magicstudio_gt2lg04319n.png", "action_flag": 3, "change_message": ""}}, {"model": "admin.logentry", "pk": 123, "fields": {"action_time": "2025-06-29T16:06:36.258Z", "user": 1, "content_type": 19, "object_id": "115", "object_repr": "photo_2024-09-18_14-52-55.jpg", "action_flag": 3, "change_message": ""}}, {"model": "admin.logentry", "pk": 124, "fields": {"action_time": "2025-06-29T16:06:36.258Z", "user": 1, "content_type": 19, "object_id": "114", "object_repr": "freepik__the-style-is-candid-image-photography-with-natural__47966_UQmhn6Q.jpeg", "action_flag": 3, "change_message": ""}}, {"model": "admin.logentry", "pk": 125, "fields": {"action_time": "2025-06-29T16:06:36.258Z", "user": 1, "content_type": 19, "object_id": "113", "object_repr": "freepik__the-style-is-candid-image-photography-with-natural__47966.jpeg", "action_flag": 3, "change_message": ""}}, {"model": "admin.logentry", "pk": 126, "fields": {"action_time": "2025-06-29T16:06:36.258Z", "user": 1, "content_type": 19, "object_id": "112", "object_repr": "logo_sait_XwA3rmU.png", "action_flag": 3, "change_message": ""}}, {"model": "admin.logentry", "pk": 127, "fields": {"action_time": "2025-06-29T16:06:36.258Z", "user": 1, "content_type": 19, "object_id": "111", "object_repr": "logo_sait_nypVK7z.png", "action_flag": 3, "change_message": ""}}, {"model": "admin.logentry", "pk": 128, "fields": {"action_time": "2025-06-29T16:06:36.258Z", "user": 1, "content_type": 19, "object_id": "110", "object_repr": "logo_sait.png", "action_flag": 3, "change_message": ""}}, {"model": "admin.logentry", "pk": 129, "fields": {"action_time": "2025-06-29T16:06:36.258Z", "user": 1, "content_type": 19, "object_id": "109", "object_repr": "logo24.png", "action_flag": 3, "change_message": ""}}, {"model": "admin.logentry", "pk": 130, "fields": {"action_time": "2025-06-29T16:06:36.258Z", "user": 1, "content_type": 19, "object_id": "108", "object_repr": "photo_2025-05-11_20-55-19_25_magicstudio_gt2lg04319n.png", "action_flag": 3, "change_message": ""}}, {"model": "admin.logentry", "pk": 131, "fields": {"action_time": "2025-06-29T16:06:36.258Z", "user": 1, "content_type": 19, "object_id": "107", "object_repr": "photo_2024-09-18_14-52-55.jpg", "action_flag": 3, "change_message": ""}}, {"model": "admin.logentry", "pk": 132, "fields": {"action_time": "2025-06-29T16:06:36.258Z", "user": 1, "content_type": 19, "object_id": "106", "object_repr": "freepik__the-style-is-candid-image-photography-with-na_zzHuPc1.jpeg", "action_flag": 3, "change_message": ""}}, {"model": "admin.logentry", "pk": 133, "fields": {"action_time": "2025-06-29T16:06:36.258Z", "user": 1, "content_type": 19, "object_id": "105", "object_repr": "freepik__the-style-is-candid-image-photography-with-na_XeZKRco.jpeg", "action_flag": 3, "change_message": ""}}, {"model": "admin.logentry", "pk": 134, "fields": {"action_time": "2025-06-29T16:06:36.258Z", "user": 1, "content_type": 19, "object_id": "104", "object_repr": "freepik__the-style-is-candid-image-photography-with-na_FtuTlND.jpeg", "action_flag": 3, "change_message": ""}}, {"model": "admin.logentry", "pk": 135, "fields": {"action_time": "2025-06-29T16:06:36.258Z", "user": 1, "content_type": 19, "object_id": "103", "object_repr": "freepik__the-style-is-candid-image-photography-with-na_al2eDgc.jpeg", "action_flag": 3, "change_message": ""}}, {"model": "admin.logentry", "pk": 136, "fields": {"action_time": "2025-06-29T16:06:36.258Z", "user": 1, "content_type": 19, "object_id": "102", "object_repr": "freepik__the-style-is-candid-image-photography-with-na_ad96xXH.jpeg", "action_flag": 3, "change_message": ""}}, {"model": "admin.logentry", "pk": 137, "fields": {"action_time": "2025-06-29T16:06:36.258Z", "user": 1, "content_type": 19, "object_id": "101", "object_repr": "freepik__the-style-is-candid-image-photography-with-na_4OUPebJ.jpeg", "action_flag": 3, "change_message": ""}}, {"model": "admin.logentry", "pk": 138, "fields": {"action_time": "2025-06-29T16:06:36.258Z", "user": 1, "content_type": 19, "object_id": "100", "object_repr": "logo_sait_XwA3rmU.png", "action_flag": 3, "change_message": ""}}, {"model": "admin.logentry", "pk": 139, "fields": {"action_time": "2025-06-29T16:06:36.258Z", "user": 1, "content_type": 19, "object_id": "99", "object_repr": "logo_sait_nypVK7z.png", "action_flag": 3, "change_message": ""}}, {"model": "admin.logentry", "pk": 140, "fields": {"action_time": "2025-06-29T16:06:36.258Z", "user": 1, "content_type": 19, "object_id": "98", "object_repr": "logo_sait.png", "action_flag": 3, "change_message": ""}}, {"model": "admin.logentry", "pk": 141, "fields": {"action_time": "2025-06-29T16:06:36.258Z", "user": 1, "content_type": 19, "object_id": "97", "object_repr": "logo24.png", "action_flag": 3, "change_message": ""}}, {"model": "admin.logentry", "pk": 142, "fields": {"action_time": "2025-06-29T16:06:36.258Z", "user": 1, "content_type": 19, "object_id": "96", "object_repr": "photo_2025-05-11_20-55-19_25_magicstudio_gt_xQqTbyv.png", "action_flag": 3, "change_message": ""}}, {"model": "admin.logentry", "pk": 143, "fields": {"action_time": "2025-06-29T16:06:36.258Z", "user": 1, "content_type": 19, "object_id": "95", "object_repr": "photo_2025-05-11_20-55-19_25_magicstudio_gt_uapNE6e.png", "action_flag": 3, "change_message": ""}}, {"model": "admin.logentry", "pk": 144, "fields": {"action_time": "2025-06-29T16:06:36.258Z", "user": 1, "content_type": 19, "object_id": "94", "object_repr": "photo_2024-09-18_14-52-55.jpg", "action_flag": 3, "change_message": ""}}, {"model": "admin.logentry", "pk": 145, "fields": {"action_time": "2025-06-29T16:06:36.259Z", "user": 1, "content_type": 19, "object_id": "93", "object_repr": "freepik__the-style-is-candid-image-photogr_zGUHnfn.jpeg", "action_flag": 3, "change_message": ""}}, {"model": "admin.logentry", "pk": 146, "fields": {"action_time": "2025-06-29T16:06:36.259Z", "user": 1, "content_type": 19, "object_id": "92", "object_repr": "freepik__the-style-is-candid-image-photogr_w1gFGJE.jpeg", "action_flag": 3, "change_message": ""}}, {"model": "admin.logentry", "pk": 147, "fields": {"action_time": "2025-06-29T16:06:36.259Z", "user": 1, "content_type": 19, "object_id": "91", "object_repr": "freepik__the-style-is-candid-image-photogr_UpZwkih.jpeg", "action_flag": 3, "change_message": ""}}, {"model": "admin.logentry", "pk": 148, "fields": {"action_time": "2025-06-29T16:06:36.259Z", "user": 1, "content_type": 19, "object_id": "90", "object_repr": "freepik__the-style-is-candid-image-photogr_R7AEMWI.jpeg", "action_flag": 3, "change_message": ""}}, {"model": "admin.logentry", "pk": 149, "fields": {"action_time": "2025-06-29T16:06:36.259Z", "user": 1, "content_type": 19, "object_id": "89", "object_repr": "freepik__the-style-is-candid-image-photogr_QxBkoj9.jpeg", "action_flag": 3, "change_message": ""}}, {"model": "admin.logentry", "pk": 150, "fields": {"action_time": "2025-06-29T16:06:36.259Z", "user": 1, "content_type": 19, "object_id": "88", "object_repr": "freepik__the-style-is-candid-image-photogr_mE7SeDR.jpeg", "action_flag": 3, "change_message": ""}}, {"model": "admin.logentry", "pk": 151, "fields": {"action_time": "2025-06-29T16:06:36.259Z", "user": 1, "content_type": 19, "object_id": "87", "object_repr": "logo_sait_XwA3rmU.png", "action_flag": 3, "change_message": ""}}, {"model": "admin.logentry", "pk": 152, "fields": {"action_time": "2025-06-29T16:06:36.259Z", "user": 1, "content_type": 19, "object_id": "86", "object_repr": "logo_sait_nypVK7z.png", "action_flag": 3, "change_message": ""}}, {"model": "admin.logentry", "pk": 153, "fields": {"action_time": "2025-06-29T16:06:36.259Z", "user": 1, "content_type": 19, "object_id": "85", "object_repr": "logo_sait.png", "action_flag": 3, "change_message": ""}}, {"model": "admin.logentry", "pk": 154, "fields": {"action_time": "2025-06-29T16:06:36.259Z", "user": 1, "content_type": 19, "object_id": "84", "object_repr": "logo24.png", "action_flag": 3, "change_message": ""}}, {"model": "admin.logentry", "pk": 155, "fields": {"action_time": "2025-06-29T16:06:36.259Z", "user": 1, "content_type": 19, "object_id": "83", "object_repr": "photo_2025-05-11_20-55-19_25_ma_rmNxqDL.png", "action_flag": 3, "change_message": ""}}, {"model": "admin.logentry", "pk": 156, "fields": {"action_time": "2025-06-29T16:06:36.259Z", "user": 1, "content_type": 19, "object_id": "82", "object_repr": "photo_2024-09-18_14-52-55.jpg", "action_flag": 3, "change_message": ""}}, {"model": "admin.logentry", "pk": 157, "fields": {"action_time": "2025-06-29T16:06:36.259Z", "user": 1, "content_type": 19, "object_id": "81", "object_repr": "freepik__the-style-is-candid-i_JW48OCJ.jpeg", "action_flag": 3, "change_message": ""}}, {"model": "admin.logentry", "pk": 158, "fields": {"action_time": "2025-06-29T16:06:36.259Z", "user": 1, "content_type": 19, "object_id": "80", "object_repr": "freepik__the-style-is-candid-i_CNogQdQ.jpeg", "action_flag": 3, "change_message": ""}}, {"model": "admin.logentry", "pk": 159, "fields": {"action_time": "2025-06-29T16:06:36.259Z", "user": 1, "content_type": 19, "object_id": "79", "object_repr": "banner_avito_pc_2_OM5CvJ7.jpg", "action_flag": 3, "change_message": ""}}, {"model": "admin.logentry", "pk": 160, "fields": {"action_time": "2025-06-29T16:06:36.259Z", "user": 1, "content_type": 19, "object_id": "78", "object_repr": "banner_avito_pc_2_EgopYW5.jpg", "action_flag": 3, "change_message": ""}}, {"model": "admin.logentry", "pk": 161, "fields": {"action_time": "2025-06-29T16:06:36.259Z", "user": 1, "content_type": 19, "object_id": "77", "object_repr": "banner_avito_pc_2_BGh32O8.jpg", "action_flag": 3, "change_message": ""}}, {"model": "admin.logentry", "pk": 162, "fields": {"action_time": "2025-06-29T16:06:36.259Z", "user": 1, "content_type": 19, "object_id": "76", "object_repr": "banner_avito_pc_2_bFLAxAJ.jpg", "action_flag": 3, "change_message": ""}}, {"model": "admin.logentry", "pk": 163, "fields": {"action_time": "2025-06-29T16:06:36.259Z", "user": 1, "content_type": 19, "object_id": "75", "object_repr": "banner_avito_pc_2.jpg", "action_flag": 3, "change_message": ""}}, {"model": "admin.logentry", "pk": 164, "fields": {"action_time": "2025-06-29T16:06:36.259Z", "user": 1, "content_type": 19, "object_id": "74", "object_repr": "banner_avito_1_YoNSiuB.jpg", "action_flag": 3, "change_message": ""}}, {"model": "admin.logentry", "pk": 165, "fields": {"action_time": "2025-06-29T16:06:36.259Z", "user": 1, "content_type": 19, "object_id": "73", "object_repr": "banner_avito_1_WwOFRpz.jpg", "action_flag": 3, "change_message": ""}}, {"model": "admin.logentry", "pk": 166, "fields": {"action_time": "2025-06-29T16:06:36.259Z", "user": 1, "content_type": 19, "object_id": "72", "object_repr": "banner_avito_1_qk34wiu.jpg", "action_flag": 3, "change_message": ""}}, {"model": "admin.logentry", "pk": 167, "fields": {"action_time": "2025-06-29T16:06:36.259Z", "user": 1, "content_type": 19, "object_id": "71", "object_repr": "banner_avito_1_MQc3myf.jpg", "action_flag": 3, "change_message": ""}}, {"model": "admin.logentry", "pk": 168, "fields": {"action_time": "2025-06-29T16:06:36.259Z", "user": 1, "content_type": 19, "object_id": "70", "object_repr": "banner_avito_1.jpg", "action_flag": 3, "change_message": ""}}, {"model": "admin.logentry", "pk": 169, "fields": {"action_time": "2025-06-29T16:06:36.259Z", "user": 1, "content_type": 19, "object_id": "69", "object_repr": "banner_avito_pc_2_OM5CvJ7.jpg", "action_flag": 3, "change_message": ""}}, {"model": "admin.logentry", "pk": 170, "fields": {"action_time": "2025-06-29T16:06:36.259Z", "user": 1, "content_type": 19, "object_id": "68", "object_repr": "banner_avito_pc_2_BGh32O8.jpg", "action_flag": 3, "change_message": ""}}, {"model": "admin.logentry", "pk": 171, "fields": {"action_time": "2025-06-29T16:06:36.259Z", "user": 1, "content_type": 19, "object_id": "67", "object_repr": "banner_avito_pc_2_bFLAxAJ.jpg", "action_flag": 3, "change_message": ""}}, {"model": "admin.logentry", "pk": 172, "fields": {"action_time": "2025-06-29T16:06:36.259Z", "user": 1, "content_type": 19, "object_id": "66", "object_repr": "banner_avito_pc_2.jpg", "action_flag": 3, "change_message": ""}}, {"model": "admin.logentry", "pk": 173, "fields": {"action_time": "2025-06-29T16:06:36.259Z", "user": 1, "content_type": 19, "object_id": "65", "object_repr": "banner_avito_1_YoNSiuB.jpg", "action_flag": 3, "change_message": ""}}, {"model": "admin.logentry", "pk": 174, "fields": {"action_time": "2025-06-29T16:06:36.259Z", "user": 1, "content_type": 19, "object_id": "64", "object_repr": "banner_avito_1_qk34wiu.jpg", "action_flag": 3, "change_message": ""}}, {"model": "admin.logentry", "pk": 175, "fields": {"action_time": "2025-06-29T16:06:36.259Z", "user": 1, "content_type": 19, "object_id": "63", "object_repr": "banner_avito_1_MQc3myf.jpg", "action_flag": 3, "change_message": ""}}, {"model": "admin.logentry", "pk": 176, "fields": {"action_time": "2025-06-29T16:06:36.259Z", "user": 1, "content_type": 19, "object_id": "62", "object_repr": "banner_avito_1.jpg", "action_flag": 3, "change_message": ""}}, {"model": "admin.logentry", "pk": 177, "fields": {"action_time": "2025-06-29T16:06:36.259Z", "user": 1, "content_type": 19, "object_id": "61", "object_repr": "banner_avito_pc_2_OM5CvJ7.jpg", "action_flag": 3, "change_message": ""}}, {"model": "admin.logentry", "pk": 178, "fields": {"action_time": "2025-06-29T16:06:36.259Z", "user": 1, "content_type": 19, "object_id": "60", "object_repr": "banner_avito_pc_2_BGh32O8.jpg", "action_flag": 3, "change_message": ""}}, {"model": "admin.logentry", "pk": 179, "fields": {"action_time": "2025-06-29T16:06:36.259Z", "user": 1, "content_type": 19, "object_id": "59", "object_repr": "banner_avito_pc_2.jpg", "action_flag": 3, "change_message": ""}}, {"model": "admin.logentry", "pk": 180, "fields": {"action_time": "2025-06-29T16:06:36.259Z", "user": 1, "content_type": 19, "object_id": "58", "object_repr": "banner_avito_1_YoNSiuB.jpg", "action_flag": 3, "change_message": ""}}, {"model": "admin.logentry", "pk": 181, "fields": {"action_time": "2025-06-29T16:06:36.259Z", "user": 1, "content_type": 19, "object_id": "57", "object_repr": "banner_avito_1_MQc3myf.jpg", "action_flag": 3, "change_message": ""}}, {"model": "admin.logentry", "pk": 182, "fields": {"action_time": "2025-06-29T16:06:36.259Z", "user": 1, "content_type": 19, "object_id": "56", "object_repr": "banner_avito_1.jpg", "action_flag": 3, "change_message": ""}}, {"model": "admin.logentry", "pk": 183, "fields": {"action_time": "2025-06-29T16:06:36.259Z", "user": 1, "content_type": 19, "object_id": "55", "object_repr": "banner_avito_pc_2_BGh32O8.jpg", "action_flag": 3, "change_message": ""}}, {"model": "admin.logentry", "pk": 184, "fields": {"action_time": "2025-06-29T16:06:36.259Z", "user": 1, "content_type": 19, "object_id": "54", "object_repr": "banner_avito_pc_2.jpg", "action_flag": 3, "change_message": ""}}, {"model": "admin.logentry", "pk": 185, "fields": {"action_time": "2025-06-29T16:06:36.259Z", "user": 1, "content_type": 19, "object_id": "53", "object_repr": "banner_avito_1_YoNSiuB.jpg", "action_flag": 3, "change_message": ""}}, {"model": "admin.logentry", "pk": 186, "fields": {"action_time": "2025-06-29T16:06:36.259Z", "user": 1, "content_type": 19, "object_id": "52", "object_repr": "banner_avito_1.jpg", "action_flag": 3, "change_message": ""}}, {"model": "admin.logentry", "pk": 187, "fields": {"action_time": "2025-06-29T16:06:36.259Z", "user": 1, "content_type": 19, "object_id": "51", "object_repr": "banner_avito_pc_2.jpg", "action_flag": 3, "change_message": ""}}, {"model": "admin.logentry", "pk": 188, "fields": {"action_time": "2025-06-29T16:06:36.259Z", "user": 1, "content_type": 19, "object_id": "50", "object_repr": "banner_avito_1.jpg", "action_flag": 3, "change_message": ""}}, {"model": "admin.logentry", "pk": 189, "fields": {"action_time": "2025-06-29T16:07:01.197Z", "user": 1, "content_type": 19, "object_id": "217", "object_repr": "logo_sait_XwA3rmU.png", "action_flag": 3, "change_message": ""}}, {"model": "admin.logentry", "pk": 190, "fields": {"action_time": "2025-06-29T16:07:01.197Z", "user": 1, "content_type": 19, "object_id": "216", "object_repr": "logo_sait_nypVK7z.png", "action_flag": 3, "change_message": ""}}, {"model": "admin.logentry", "pk": 191, "fields": {"action_time": "2025-06-29T16:07:01.197Z", "user": 1, "content_type": 19, "object_id": "215", "object_repr": "logo_sait.png", "action_flag": 3, "change_message": ""}}, {"model": "admin.logentry", "pk": 192, "fields": {"action_time": "2025-06-29T16:07:01.197Z", "user": 1, "content_type": 19, "object_id": "214", "object_repr": "logo24.png", "action_flag": 3, "change_message": ""}}, {"model": "admin.logentry", "pk": 193, "fields": {"action_time": "2025-06-29T16:07:01.197Z", "user": 1, "content_type": 19, "object_id": "213", "object_repr": "photo_2025-05-11_20-55-19_25_magicstudio_gt2lg04319n.png", "action_flag": 3, "change_message": ""}}, {"model": "admin.logentry", "pk": 194, "fields": {"action_time": "2025-06-29T16:07:01.197Z", "user": 1, "content_type": 19, "object_id": "212", "object_repr": "photo_2024-09-18_14-52-55.jpg", "action_flag": 3, "change_message": ""}}, {"model": "admin.logentry", "pk": 195, "fields": {"action_time": "2025-06-29T16:07:01.197Z", "user": 1, "content_type": 19, "object_id": "211", "object_repr": "freepik__the-style-is-candid-image-photography-with-natural__47966_UQmhn6Q.jpeg", "action_flag": 3, "change_message": ""}}, {"model": "admin.logentry", "pk": 196, "fields": {"action_time": "2025-06-29T16:07:01.197Z", "user": 1, "content_type": 19, "object_id": "210", "object_repr": "freepik__the-style-is-candid-image-photography-with-natural__47966.jpeg", "action_flag": 3, "change_message": ""}}, {"model": "admin.logentry", "pk": 197, "fields": {"action_time": "2025-06-29T16:07:01.197Z", "user": 1, "content_type": 19, "object_id": "209", "object_repr": "logo_sait_XwA3rmU.png", "action_flag": 3, "change_message": ""}}, {"model": "admin.logentry", "pk": 198, "fields": {"action_time": "2025-06-29T16:07:01.197Z", "user": 1, "content_type": 19, "object_id": "208", "object_repr": "logo_sait_nypVK7z.png", "action_flag": 3, "change_message": ""}}, {"model": "admin.logentry", "pk": 199, "fields": {"action_time": "2025-06-29T16:07:01.197Z", "user": 1, "content_type": 19, "object_id": "207", "object_repr": "logo_sait.png", "action_flag": 3, "change_message": ""}}, {"model": "admin.logentry", "pk": 200, "fields": {"action_time": "2025-06-29T16:07:01.197Z", "user": 1, "content_type": 19, "object_id": "206", "object_repr": "logo24.png", "action_flag": 3, "change_message": ""}}, {"model": "admin.logentry", "pk": 201, "fields": {"action_time": "2025-06-29T16:07:01.197Z", "user": 1, "content_type": 19, "object_id": "205", "object_repr": "photo_2025-05-11_20-55-19_25_magicstudio_gt2lg04319n.png", "action_flag": 3, "change_message": ""}}, {"model": "admin.logentry", "pk": 202, "fields": {"action_time": "2025-06-29T16:07:01.197Z", "user": 1, "content_type": 19, "object_id": "204", "object_repr": "photo_2024-09-18_14-52-55.jpg", "action_flag": 3, "change_message": ""}}, {"model": "admin.logentry", "pk": 203, "fields": {"action_time": "2025-06-29T16:07:01.197Z", "user": 1, "content_type": 19, "object_id": "203", "object_repr": "freepik__the-style-is-candid-image-photography-with-natural__47966_UQmhn6Q.jpeg", "action_flag": 3, "change_message": ""}}, {"model": "admin.logentry", "pk": 204, "fields": {"action_time": "2025-06-29T16:07:01.197Z", "user": 1, "content_type": 19, "object_id": "202", "object_repr": "freepik__the-style-is-candid-image-photography-with-natural__47966.jpeg", "action_flag": 3, "change_message": ""}}, {"model": "admin.logentry", "pk": 205, "fields": {"action_time": "2025-06-29T16:07:01.197Z", "user": 1, "content_type": 19, "object_id": "201", "object_repr": "logo_sait_XwA3rmU.png", "action_flag": 3, "change_message": ""}}, {"model": "admin.logentry", "pk": 206, "fields": {"action_time": "2025-06-29T16:07:01.197Z", "user": 1, "content_type": 19, "object_id": "200", "object_repr": "logo_sait_nypVK7z.png", "action_flag": 3, "change_message": ""}}, {"model": "admin.logentry", "pk": 207, "fields": {"action_time": "2025-06-29T16:07:01.197Z", "user": 1, "content_type": 19, "object_id": "199", "object_repr": "logo_sait.png", "action_flag": 3, "change_message": ""}}, {"model": "admin.logentry", "pk": 208, "fields": {"action_time": "2025-06-29T16:07:01.197Z", "user": 1, "content_type": 19, "object_id": "198", "object_repr": "logo24.png", "action_flag": 3, "change_message": ""}}, {"model": "admin.logentry", "pk": 209, "fields": {"action_time": "2025-06-29T16:07:01.197Z", "user": 1, "content_type": 19, "object_id": "197", "object_repr": "photo_2025-05-11_20-55-19_25_magicstudio_gt2lg04319n.png", "action_flag": 3, "change_message": ""}}, {"model": "admin.logentry", "pk": 210, "fields": {"action_time": "2025-06-29T16:07:01.197Z", "user": 1, "content_type": 19, "object_id": "196", "object_repr": "photo_2024-09-18_14-52-55.jpg", "action_flag": 3, "change_message": ""}}, {"model": "admin.logentry", "pk": 211, "fields": {"action_time": "2025-06-29T16:07:01.197Z", "user": 1, "content_type": 19, "object_id": "195", "object_repr": "freepik__the-style-is-candid-image-photography-with-na_zzHuPc1.jpeg", "action_flag": 3, "change_message": ""}}, {"model": "admin.logentry", "pk": 212, "fields": {"action_time": "2025-06-29T16:07:01.197Z", "user": 1, "content_type": 19, "object_id": "194", "object_repr": "freepik__the-style-is-candid-image-photography-with-na_XeZKRco.jpeg", "action_flag": 3, "change_message": ""}}, {"model": "admin.logentry", "pk": 213, "fields": {"action_time": "2025-06-29T16:07:01.197Z", "user": 1, "content_type": 19, "object_id": "193", "object_repr": "freepik__the-style-is-candid-image-photography-with-na_FtuTlND.jpeg", "action_flag": 3, "change_message": ""}}, {"model": "admin.logentry", "pk": 214, "fields": {"action_time": "2025-06-29T16:07:01.197Z", "user": 1, "content_type": 19, "object_id": "192", "object_repr": "freepik__the-style-is-candid-image-photography-with-na_al2eDgc.jpeg", "action_flag": 3, "change_message": ""}}, {"model": "admin.logentry", "pk": 215, "fields": {"action_time": "2025-06-29T16:07:01.197Z", "user": 1, "content_type": 19, "object_id": "191", "object_repr": "freepik__the-style-is-candid-image-photography-with-na_ad96xXH.jpeg", "action_flag": 3, "change_message": ""}}, {"model": "admin.logentry", "pk": 216, "fields": {"action_time": "2025-06-29T16:07:01.197Z", "user": 1, "content_type": 19, "object_id": "190", "object_repr": "freepik__the-style-is-candid-image-photography-with-na_4OUPebJ.jpeg", "action_flag": 3, "change_message": ""}}, {"model": "admin.logentry", "pk": 217, "fields": {"action_time": "2025-06-29T16:07:01.197Z", "user": 1, "content_type": 19, "object_id": "189", "object_repr": "logo_sait_XwA3rmU.png", "action_flag": 3, "change_message": ""}}, {"model": "admin.logentry", "pk": 218, "fields": {"action_time": "2025-06-29T16:07:01.197Z", "user": 1, "content_type": 19, "object_id": "188", "object_repr": "logo_sait_nypVK7z.png", "action_flag": 3, "change_message": ""}}, {"model": "admin.logentry", "pk": 219, "fields": {"action_time": "2025-06-29T16:07:01.197Z", "user": 1, "content_type": 19, "object_id": "187", "object_repr": "logo_sait.png", "action_flag": 3, "change_message": ""}}, {"model": "admin.logentry", "pk": 220, "fields": {"action_time": "2025-06-29T16:07:01.197Z", "user": 1, "content_type": 19, "object_id": "186", "object_repr": "logo24.png", "action_flag": 3, "change_message": ""}}, {"model": "admin.logentry", "pk": 221, "fields": {"action_time": "2025-06-29T16:07:01.197Z", "user": 1, "content_type": 19, "object_id": "185", "object_repr": "photo_2025-05-11_20-55-19_25_magicstudio_gt_xQqTbyv.png", "action_flag": 3, "change_message": ""}}, {"model": "admin.logentry", "pk": 222, "fields": {"action_time": "2025-06-29T16:07:01.197Z", "user": 1, "content_type": 19, "object_id": "184", "object_repr": "photo_2025-05-11_20-55-19_25_magicstudio_gt_uapNE6e.png", "action_flag": 3, "change_message": ""}}, {"model": "admin.logentry", "pk": 223, "fields": {"action_time": "2025-06-29T16:07:01.197Z", "user": 1, "content_type": 19, "object_id": "183", "object_repr": "photo_2024-09-18_14-52-55.jpg", "action_flag": 3, "change_message": ""}}, {"model": "admin.logentry", "pk": 224, "fields": {"action_time": "2025-06-29T16:07:01.197Z", "user": 1, "content_type": 19, "object_id": "182", "object_repr": "freepik__the-style-is-candid-image-photogr_zGUHnfn.jpeg", "action_flag": 3, "change_message": ""}}, {"model": "admin.logentry", "pk": 225, "fields": {"action_time": "2025-06-29T16:07:01.197Z", "user": 1, "content_type": 19, "object_id": "181", "object_repr": "freepik__the-style-is-candid-image-photogr_w1gFGJE.jpeg", "action_flag": 3, "change_message": ""}}, {"model": "admin.logentry", "pk": 226, "fields": {"action_time": "2025-06-29T16:07:01.197Z", "user": 1, "content_type": 19, "object_id": "180", "object_repr": "freepik__the-style-is-candid-image-photogr_UpZwkih.jpeg", "action_flag": 3, "change_message": ""}}, {"model": "admin.logentry", "pk": 227, "fields": {"action_time": "2025-06-29T16:07:01.197Z", "user": 1, "content_type": 19, "object_id": "179", "object_repr": "freepik__the-style-is-candid-image-photogr_R7AEMWI.jpeg", "action_flag": 3, "change_message": ""}}, {"model": "admin.logentry", "pk": 228, "fields": {"action_time": "2025-06-29T16:07:01.197Z", "user": 1, "content_type": 19, "object_id": "178", "object_repr": "freepik__the-style-is-candid-image-photogr_QxBkoj9.jpeg", "action_flag": 3, "change_message": ""}}, {"model": "admin.logentry", "pk": 229, "fields": {"action_time": "2025-06-29T16:07:01.197Z", "user": 1, "content_type": 19, "object_id": "177", "object_repr": "freepik__the-style-is-candid-image-photogr_mE7SeDR.jpeg", "action_flag": 3, "change_message": ""}}, {"model": "admin.logentry", "pk": 230, "fields": {"action_time": "2025-06-29T16:07:01.197Z", "user": 1, "content_type": 19, "object_id": "176", "object_repr": "logo_sait_XwA3rmU.png", "action_flag": 3, "change_message": ""}}, {"model": "admin.logentry", "pk": 231, "fields": {"action_time": "2025-06-29T16:07:01.197Z", "user": 1, "content_type": 19, "object_id": "175", "object_repr": "logo_sait_nypVK7z.png", "action_flag": 3, "change_message": ""}}, {"model": "admin.logentry", "pk": 232, "fields": {"action_time": "2025-06-29T16:07:01.197Z", "user": 1, "content_type": 19, "object_id": "174", "object_repr": "logo_sait.png", "action_flag": 3, "change_message": ""}}, {"model": "admin.logentry", "pk": 233, "fields": {"action_time": "2025-06-29T16:07:01.197Z", "user": 1, "content_type": 19, "object_id": "173", "object_repr": "logo24.png", "action_flag": 3, "change_message": ""}}, {"model": "admin.logentry", "pk": 234, "fields": {"action_time": "2025-06-29T16:07:01.197Z", "user": 1, "content_type": 19, "object_id": "172", "object_repr": "photo_2025-05-11_20-55-19_25_ma_rmNxqDL.png", "action_flag": 3, "change_message": ""}}, {"model": "admin.logentry", "pk": 235, "fields": {"action_time": "2025-06-29T16:07:01.197Z", "user": 1, "content_type": 19, "object_id": "171", "object_repr": "photo_2024-09-18_14-52-55.jpg", "action_flag": 3, "change_message": ""}}, {"model": "admin.logentry", "pk": 236, "fields": {"action_time": "2025-06-29T16:07:01.197Z", "user": 1, "content_type": 19, "object_id": "170", "object_repr": "freepik__the-style-is-candid-i_JW48OCJ.jpeg", "action_flag": 3, "change_message": ""}}, {"model": "admin.logentry", "pk": 237, "fields": {"action_time": "2025-06-29T16:07:01.197Z", "user": 1, "content_type": 19, "object_id": "169", "object_repr": "freepik__the-style-is-candid-i_CNogQdQ.jpeg", "action_flag": 3, "change_message": ""}}, {"model": "admin.logentry", "pk": 238, "fields": {"action_time": "2025-06-29T16:07:01.197Z", "user": 1, "content_type": 19, "object_id": "168", "object_repr": "banner_avito_pc_2_oDnCgSW.jpg", "action_flag": 3, "change_message": ""}}, {"model": "admin.logentry", "pk": 239, "fields": {"action_time": "2025-06-29T16:07:01.197Z", "user": 1, "content_type": 19, "object_id": "167", "object_repr": "banner_avito_pc_2_MoBUG9n.jpg", "action_flag": 3, "change_message": ""}}, {"model": "admin.logentry", "pk": 240, "fields": {"action_time": "2025-06-29T16:07:01.197Z", "user": 1, "content_type": 19, "object_id": "166", "object_repr": "banner_avito_pc_2_m6UE4aw.jpg", "action_flag": 3, "change_message": ""}}, {"model": "admin.logentry", "pk": 241, "fields": {"action_time": "2025-06-29T16:07:01.197Z", "user": 1, "content_type": 19, "object_id": "165", "object_repr": "banner_avito_pc_2_lIN5G5d.jpg", "action_flag": 3, "change_message": ""}}, {"model": "admin.logentry", "pk": 242, "fields": {"action_time": "2025-06-29T16:07:01.197Z", "user": 1, "content_type": 19, "object_id": "164", "object_repr": "banner_avito_pc_2.jpg", "action_flag": 3, "change_message": ""}}, {"model": "admin.logentry", "pk": 243, "fields": {"action_time": "2025-06-29T16:07:01.197Z", "user": 1, "content_type": 19, "object_id": "163", "object_repr": "banner_avito_1_ud2YtO8.jpg", "action_flag": 3, "change_message": ""}}, {"model": "admin.logentry", "pk": 244, "fields": {"action_time": "2025-06-29T16:07:01.197Z", "user": 1, "content_type": 19, "object_id": "162", "object_repr": "banner_avito_1_PJTljJv.jpg", "action_flag": 3, "change_message": ""}}, {"model": "admin.logentry", "pk": 245, "fields": {"action_time": "2025-06-29T16:07:01.197Z", "user": 1, "content_type": 19, "object_id": "161", "object_repr": "banner_avito_1_MG1dNBT.jpg", "action_flag": 3, "change_message": ""}}, {"model": "admin.logentry", "pk": 246, "fields": {"action_time": "2025-06-29T16:07:01.197Z", "user": 1, "content_type": 19, "object_id": "160", "object_repr": "banner_avito_1_9BKNvNF.jpg", "action_flag": 3, "change_message": ""}}, {"model": "admin.logentry", "pk": 247, "fields": {"action_time": "2025-06-29T16:07:01.197Z", "user": 1, "content_type": 19, "object_id": "159", "object_repr": "banner_avito_1.jpg", "action_flag": 3, "change_message": ""}}, {"model": "admin.logentry", "pk": 248, "fields": {"action_time": "2025-06-29T16:07:01.198Z", "user": 1, "content_type": 19, "object_id": "158", "object_repr": "banner_avito_pc_2_oDnCgSW.jpg", "action_flag": 3, "change_message": ""}}, {"model": "admin.logentry", "pk": 249, "fields": {"action_time": "2025-06-29T16:07:01.198Z", "user": 1, "content_type": 19, "object_id": "157", "object_repr": "banner_avito_pc_2_MoBUG9n.jpg", "action_flag": 3, "change_message": ""}}, {"model": "admin.logentry", "pk": 250, "fields": {"action_time": "2025-06-29T16:07:01.198Z", "user": 1, "content_type": 19, "object_id": "156", "object_repr": "banner_avito_pc_2_m6UE4aw.jpg", "action_flag": 3, "change_message": ""}}, {"model": "admin.logentry", "pk": 251, "fields": {"action_time": "2025-06-29T16:07:01.198Z", "user": 1, "content_type": 19, "object_id": "155", "object_repr": "banner_avito_pc_2_lIN5G5d.jpg", "action_flag": 3, "change_message": ""}}, {"model": "admin.logentry", "pk": 252, "fields": {"action_time": "2025-06-29T16:07:01.198Z", "user": 1, "content_type": 19, "object_id": "154", "object_repr": "banner_avito_pc_2.jpg", "action_flag": 3, "change_message": ""}}, {"model": "admin.logentry", "pk": 253, "fields": {"action_time": "2025-06-29T16:07:01.198Z", "user": 1, "content_type": 19, "object_id": "153", "object_repr": "banner_avito_1_ud2YtO8.jpg", "action_flag": 3, "change_message": ""}}, {"model": "admin.logentry", "pk": 254, "fields": {"action_time": "2025-06-29T16:07:01.198Z", "user": 1, "content_type": 19, "object_id": "152", "object_repr": "banner_avito_1_PJTljJv.jpg", "action_flag": 3, "change_message": ""}}, {"model": "admin.logentry", "pk": 255, "fields": {"action_time": "2025-06-29T16:07:01.198Z", "user": 1, "content_type": 19, "object_id": "151", "object_repr": "banner_avito_1_MG1dNBT.jpg", "action_flag": 3, "change_message": ""}}, {"model": "admin.logentry", "pk": 256, "fields": {"action_time": "2025-06-29T16:07:01.198Z", "user": 1, "content_type": 19, "object_id": "150", "object_repr": "banner_avito_1_9BKNvNF.jpg", "action_flag": 3, "change_message": ""}}, {"model": "admin.logentry", "pk": 257, "fields": {"action_time": "2025-06-29T16:07:01.198Z", "user": 1, "content_type": 19, "object_id": "149", "object_repr": "banner_avito_1.jpg", "action_flag": 3, "change_message": ""}}, {"model": "admin.logentry", "pk": 258, "fields": {"action_time": "2025-06-29T16:07:01.198Z", "user": 1, "content_type": 19, "object_id": "148", "object_repr": "banner_avito_pc_2_MoBUG9n.jpg", "action_flag": 3, "change_message": ""}}, {"model": "admin.logentry", "pk": 259, "fields": {"action_time": "2025-06-29T16:07:01.198Z", "user": 1, "content_type": 19, "object_id": "147", "object_repr": "banner_avito_pc_2_m6UE4aw.jpg", "action_flag": 3, "change_message": ""}}, {"model": "admin.logentry", "pk": 260, "fields": {"action_time": "2025-06-29T16:07:01.198Z", "user": 1, "content_type": 19, "object_id": "146", "object_repr": "banner_avito_pc_2_lIN5G5d.jpg", "action_flag": 3, "change_message": ""}}, {"model": "admin.logentry", "pk": 261, "fields": {"action_time": "2025-06-29T16:07:01.198Z", "user": 1, "content_type": 19, "object_id": "145", "object_repr": "banner_avito_pc_2.jpg", "action_flag": 3, "change_message": ""}}, {"model": "admin.logentry", "pk": 262, "fields": {"action_time": "2025-06-29T16:07:01.198Z", "user": 1, "content_type": 19, "object_id": "144", "object_repr": "banner_avito_1_PJTljJv.jpg", "action_flag": 3, "change_message": ""}}, {"model": "admin.logentry", "pk": 263, "fields": {"action_time": "2025-06-29T16:07:01.198Z", "user": 1, "content_type": 19, "object_id": "143", "object_repr": "banner_avito_1_MG1dNBT.jpg", "action_flag": 3, "change_message": ""}}, {"model": "admin.logentry", "pk": 264, "fields": {"action_time": "2025-06-29T16:07:01.198Z", "user": 1, "content_type": 19, "object_id": "142", "object_repr": "banner_avito_1_9BKNvNF.jpg", "action_flag": 3, "change_message": ""}}, {"model": "admin.logentry", "pk": 265, "fields": {"action_time": "2025-06-29T16:07:01.198Z", "user": 1, "content_type": 19, "object_id": "141", "object_repr": "banner_avito_1.jpg", "action_flag": 3, "change_message": ""}}, {"model": "admin.logentry", "pk": 266, "fields": {"action_time": "2025-06-29T16:07:01.198Z", "user": 1, "content_type": 19, "object_id": "140", "object_repr": "banner_avito_pc_2_MoBUG9n.jpg", "action_flag": 3, "change_message": ""}}, {"model": "admin.logentry", "pk": 267, "fields": {"action_time": "2025-06-29T16:07:01.198Z", "user": 1, "content_type": 19, "object_id": "139", "object_repr": "banner_avito_pc_2_lIN5G5d.jpg", "action_flag": 3, "change_message": ""}}, {"model": "admin.logentry", "pk": 268, "fields": {"action_time": "2025-06-29T16:07:01.198Z", "user": 1, "content_type": 19, "object_id": "138", "object_repr": "banner_avito_pc_2.jpg", "action_flag": 3, "change_message": ""}}, {"model": "admin.logentry", "pk": 269, "fields": {"action_time": "2025-06-29T16:07:01.198Z", "user": 1, "content_type": 19, "object_id": "137", "object_repr": "banner_avito_1_PJTljJv.jpg", "action_flag": 3, "change_message": ""}}, {"model": "admin.logentry", "pk": 270, "fields": {"action_time": "2025-06-29T16:07:01.198Z", "user": 1, "content_type": 19, "object_id": "136", "object_repr": "banner_avito_1_9BKNvNF.jpg", "action_flag": 3, "change_message": ""}}, {"model": "admin.logentry", "pk": 271, "fields": {"action_time": "2025-06-29T16:07:01.198Z", "user": 1, "content_type": 19, "object_id": "135", "object_repr": "banner_avito_1.jpg", "action_flag": 3, "change_message": ""}}, {"model": "admin.logentry", "pk": 272, "fields": {"action_time": "2025-06-29T16:07:01.198Z", "user": 1, "content_type": 19, "object_id": "134", "object_repr": "banner_avito_pc_2_lIN5G5d.jpg", "action_flag": 3, "change_message": ""}}, {"model": "admin.logentry", "pk": 273, "fields": {"action_time": "2025-06-29T16:07:01.198Z", "user": 1, "content_type": 19, "object_id": "133", "object_repr": "banner_avito_pc_2.jpg", "action_flag": 3, "change_message": ""}}, {"model": "admin.logentry", "pk": 274, "fields": {"action_time": "2025-06-29T16:07:01.198Z", "user": 1, "content_type": 19, "object_id": "132", "object_repr": "banner_avito_1_PJTljJv.jpg", "action_flag": 3, "change_message": ""}}, {"model": "admin.logentry", "pk": 275, "fields": {"action_time": "2025-06-29T16:07:01.198Z", "user": 1, "content_type": 19, "object_id": "131", "object_repr": "banner_avito_1.jpg", "action_flag": 3, "change_message": ""}}, {"model": "admin.logentry", "pk": 276, "fields": {"action_time": "2025-06-29T16:07:01.198Z", "user": 1, "content_type": 19, "object_id": "130", "object_repr": "banner_avito_pc_2.jpg", "action_flag": 3, "change_message": ""}}, {"model": "admin.logentry", "pk": 277, "fields": {"action_time": "2025-06-29T16:07:01.198Z", "user": 1, "content_type": 19, "object_id": "129", "object_repr": "banner_avito_1.jpg", "action_flag": 3, "change_message": ""}}, {"model": "admin.logentry", "pk": 278, "fields": {"action_time": "2025-06-29T16:08:10.578Z", "user": 1, "content_type": 19, "object_id": "277", "object_repr": "logo_sait_XwA3rmU.png", "action_flag": 3, "change_message": ""}}, {"model": "admin.logentry", "pk": 279, "fields": {"action_time": "2025-06-29T16:08:10.579Z", "user": 1, "content_type": 19, "object_id": "276", "object_repr": "logo_sait_nypVK7z.png", "action_flag": 3, "change_message": ""}}, {"model": "admin.logentry", "pk": 280, "fields": {"action_time": "2025-06-29T16:08:10.579Z", "user": 1, "content_type": 19, "object_id": "275", "object_repr": "logo_sait.png", "action_flag": 3, "change_message": ""}}, {"model": "admin.logentry", "pk": 281, "fields": {"action_time": "2025-06-29T16:08:10.579Z", "user": 1, "content_type": 19, "object_id": "274", "object_repr": "logo24.png", "action_flag": 3, "change_message": ""}}, {"model": "admin.logentry", "pk": 282, "fields": {"action_time": "2025-06-29T16:08:10.579Z", "user": 1, "content_type": 19, "object_id": "273", "object_repr": "photo_2025-05-11_20-55-19_25_magicstudio_gt2lg04319n.png", "action_flag": 3, "change_message": ""}}, {"model": "admin.logentry", "pk": 283, "fields": {"action_time": "2025-06-29T16:08:10.579Z", "user": 1, "content_type": 19, "object_id": "272", "object_repr": "photo_2024-09-18_14-52-55.jpg", "action_flag": 3, "change_message": ""}}, {"model": "admin.logentry", "pk": 284, "fields": {"action_time": "2025-06-29T16:08:10.579Z", "user": 1, "content_type": 19, "object_id": "271", "object_repr": "freepik__the-style-is-candid-image-photography-with-natural__47966_UQmhn6Q.jpeg", "action_flag": 3, "change_message": ""}}, {"model": "admin.logentry", "pk": 285, "fields": {"action_time": "2025-06-29T16:08:10.579Z", "user": 1, "content_type": 19, "object_id": "270", "object_repr": "freepik__the-style-is-candid-image-photography-with-natural__47966.jpeg", "action_flag": 3, "change_message": ""}}, {"model": "admin.logentry", "pk": 286, "fields": {"action_time": "2025-06-29T16:08:10.579Z", "user": 1, "content_type": 19, "object_id": "269", "object_repr": "banner_avito_pc_2.jpg", "action_flag": 3, "change_message": ""}}, {"model": "admin.logentry", "pk": 287, "fields": {"action_time": "2025-06-29T16:08:10.579Z", "user": 1, "content_type": 19, "object_id": "268", "object_repr": "banner_avito_1.jpg", "action_flag": 3, "change_message": ""}}, {"model": "admin.logentry", "pk": 288, "fields": {"action_time": "2025-06-29T16:08:10.579Z", "user": 1, "content_type": 19, "object_id": "267", "object_repr": "logo_sait_XwA3rmU.png", "action_flag": 3, "change_message": ""}}, {"model": "admin.logentry", "pk": 289, "fields": {"action_time": "2025-06-29T16:08:10.579Z", "user": 1, "content_type": 19, "object_id": "266", "object_repr": "logo_sait_nypVK7z.png", "action_flag": 3, "change_message": ""}}, {"model": "admin.logentry", "pk": 290, "fields": {"action_time": "2025-06-29T16:08:10.579Z", "user": 1, "content_type": 19, "object_id": "265", "object_repr": "logo_sait.png", "action_flag": 3, "change_message": ""}}, {"model": "admin.logentry", "pk": 291, "fields": {"action_time": "2025-06-29T16:08:10.579Z", "user": 1, "content_type": 19, "object_id": "264", "object_repr": "logo24.png", "action_flag": 3, "change_message": ""}}, {"model": "admin.logentry", "pk": 292, "fields": {"action_time": "2025-06-29T16:08:10.579Z", "user": 1, "content_type": 19, "object_id": "263", "object_repr": "photo_2025-05-11_20-55-19_25_magicstudio_gt2lg04319n.png", "action_flag": 3, "change_message": ""}}, {"model": "admin.logentry", "pk": 293, "fields": {"action_time": "2025-06-29T16:08:10.579Z", "user": 1, "content_type": 19, "object_id": "262", "object_repr": "photo_2024-09-18_14-52-55.jpg", "action_flag": 3, "change_message": ""}}, {"model": "admin.logentry", "pk": 294, "fields": {"action_time": "2025-06-29T16:08:10.579Z", "user": 1, "content_type": 19, "object_id": "261", "object_repr": "freepik__the-style-is-candid-image-photography-with-natural__47966_UQmhn6Q.jpeg", "action_flag": 3, "change_message": ""}}, {"model": "admin.logentry", "pk": 295, "fields": {"action_time": "2025-06-29T16:08:10.579Z", "user": 1, "content_type": 19, "object_id": "260", "object_repr": "freepik__the-style-is-candid-image-photography-with-natural__47966.jpeg", "action_flag": 3, "change_message": ""}}, {"model": "admin.logentry", "pk": 296, "fields": {"action_time": "2025-06-29T16:08:10.579Z", "user": 1, "content_type": 19, "object_id": "259", "object_repr": "banner_avito_pc_2.jpg", "action_flag": 3, "change_message": ""}}, {"model": "admin.logentry", "pk": 297, "fields": {"action_time": "2025-06-29T16:08:10.579Z", "user": 1, "content_type": 19, "object_id": "258", "object_repr": "banner_avito_1.jpg", "action_flag": 3, "change_message": ""}}, {"model": "admin.logentry", "pk": 298, "fields": {"action_time": "2025-06-29T16:08:10.579Z", "user": 1, "content_type": 19, "object_id": "257", "object_repr": "banner_avito_pc_2_PwwcOa8.jpg", "action_flag": 3, "change_message": ""}}, {"model": "admin.logentry", "pk": 299, "fields": {"action_time": "2025-06-29T16:08:10.579Z", "user": 1, "content_type": 19, "object_id": "256", "object_repr": "banner_avito_pc_2_ndLJF8z.jpg", "action_flag": 3, "change_message": ""}}, {"model": "admin.logentry", "pk": 300, "fields": {"action_time": "2025-06-29T16:08:10.579Z", "user": 1, "content_type": 19, "object_id": "255", "object_repr": "banner_avito_pc_2_lk94Pjh.jpg", "action_flag": 3, "change_message": ""}}, {"model": "admin.logentry", "pk": 301, "fields": {"action_time": "2025-06-29T16:08:10.579Z", "user": 1, "content_type": 19, "object_id": "254", "object_repr": "banner_avito_pc_2_bnJpF7H.jpg", "action_flag": 3, "change_message": ""}}, {"model": "admin.logentry", "pk": 302, "fields": {"action_time": "2025-06-29T16:08:10.579Z", "user": 1, "content_type": 19, "object_id": "253", "object_repr": "banner_avito_pc_2.jpg", "action_flag": 3, "change_message": ""}}, {"model": "admin.logentry", "pk": 303, "fields": {"action_time": "2025-06-29T16:08:10.579Z", "user": 1, "content_type": 19, "object_id": "252", "object_repr": "banner_avito_1_v6MU3Dz.jpg", "action_flag": 3, "change_message": ""}}, {"model": "admin.logentry", "pk": 304, "fields": {"action_time": "2025-06-29T16:08:10.579Z", "user": 1, "content_type": 19, "object_id": "251", "object_repr": "banner_avito_1_UIJba8f.jpg", "action_flag": 3, "change_message": ""}}, {"model": "admin.logentry", "pk": 305, "fields": {"action_time": "2025-06-29T16:08:10.579Z", "user": 1, "content_type": 19, "object_id": "250", "object_repr": "banner_avito_1_FPQaDL8.jpg", "action_flag": 3, "change_message": ""}}, {"model": "admin.logentry", "pk": 306, "fields": {"action_time": "2025-06-29T16:08:10.579Z", "user": 1, "content_type": 19, "object_id": "249", "object_repr": "banner_avito_1_E2nW1KU.jpg", "action_flag": 3, "change_message": ""}}, {"model": "admin.logentry", "pk": 307, "fields": {"action_time": "2025-06-29T16:08:10.579Z", "user": 1, "content_type": 19, "object_id": "248", "object_repr": "banner_avito_1.jpg", "action_flag": 3, "change_message": ""}}, {"model": "admin.logentry", "pk": 308, "fields": {"action_time": "2025-06-29T16:08:10.579Z", "user": 1, "content_type": 19, "object_id": "247", "object_repr": "banner_avito_pc_2_PwwcOa8.jpg", "action_flag": 3, "change_message": ""}}, {"model": "admin.logentry", "pk": 309, "fields": {"action_time": "2025-06-29T16:08:10.579Z", "user": 1, "content_type": 19, "object_id": "246", "object_repr": "banner_avito_pc_2_ndLJF8z.jpg", "action_flag": 3, "change_message": ""}}, {"model": "admin.logentry", "pk": 310, "fields": {"action_time": "2025-06-29T16:08:10.579Z", "user": 1, "content_type": 19, "object_id": "245", "object_repr": "banner_avito_pc_2_lk94Pjh.jpg", "action_flag": 3, "change_message": ""}}, {"model": "admin.logentry", "pk": 311, "fields": {"action_time": "2025-06-29T16:08:10.579Z", "user": 1, "content_type": 19, "object_id": "244", "object_repr": "banner_avito_pc_2_bnJpF7H.jpg", "action_flag": 3, "change_message": ""}}, {"model": "admin.logentry", "pk": 312, "fields": {"action_time": "2025-06-29T16:08:10.579Z", "user": 1, "content_type": 19, "object_id": "243", "object_repr": "banner_avito_pc_2.jpg", "action_flag": 3, "change_message": ""}}, {"model": "admin.logentry", "pk": 313, "fields": {"action_time": "2025-06-29T16:08:10.579Z", "user": 1, "content_type": 19, "object_id": "242", "object_repr": "banner_avito_1_v6MU3Dz.jpg", "action_flag": 3, "change_message": ""}}, {"model": "admin.logentry", "pk": 314, "fields": {"action_time": "2025-06-29T16:08:10.579Z", "user": 1, "content_type": 19, "object_id": "241", "object_repr": "banner_avito_1_UIJba8f.jpg", "action_flag": 3, "change_message": ""}}, {"model": "admin.logentry", "pk": 315, "fields": {"action_time": "2025-06-29T16:08:10.579Z", "user": 1, "content_type": 19, "object_id": "240", "object_repr": "banner_avito_1_FPQaDL8.jpg", "action_flag": 3, "change_message": ""}}, {"model": "admin.logentry", "pk": 316, "fields": {"action_time": "2025-06-29T16:08:10.579Z", "user": 1, "content_type": 19, "object_id": "239", "object_repr": "banner_avito_1_E2nW1KU.jpg", "action_flag": 3, "change_message": ""}}, {"model": "admin.logentry", "pk": 317, "fields": {"action_time": "2025-06-29T16:08:10.579Z", "user": 1, "content_type": 19, "object_id": "238", "object_repr": "banner_avito_1.jpg", "action_flag": 3, "change_message": ""}}, {"model": "admin.logentry", "pk": 318, "fields": {"action_time": "2025-06-29T16:08:10.579Z", "user": 1, "content_type": 19, "object_id": "237", "object_repr": "banner_avito_pc_2_PwwcOa8.jpg", "action_flag": 3, "change_message": ""}}, {"model": "admin.logentry", "pk": 319, "fields": {"action_time": "2025-06-29T16:08:10.579Z", "user": 1, "content_type": 19, "object_id": "236", "object_repr": "banner_avito_pc_2_lk94Pjh.jpg", "action_flag": 3, "change_message": ""}}, {"model": "admin.logentry", "pk": 320, "fields": {"action_time": "2025-06-29T16:08:10.579Z", "user": 1, "content_type": 19, "object_id": "235", "object_repr": "banner_avito_pc_2_bnJpF7H.jpg", "action_flag": 3, "change_message": ""}}, {"model": "admin.logentry", "pk": 321, "fields": {"action_time": "2025-06-29T16:08:10.579Z", "user": 1, "content_type": 19, "object_id": "234", "object_repr": "banner_avito_pc_2.jpg", "action_flag": 3, "change_message": ""}}, {"model": "admin.logentry", "pk": 322, "fields": {"action_time": "2025-06-29T16:08:10.579Z", "user": 1, "content_type": 19, "object_id": "233", "object_repr": "banner_avito_1_v6MU3Dz.jpg", "action_flag": 3, "change_message": ""}}, {"model": "admin.logentry", "pk": 323, "fields": {"action_time": "2025-06-29T16:08:10.579Z", "user": 1, "content_type": 19, "object_id": "232", "object_repr": "banner_avito_1_FPQaDL8.jpg", "action_flag": 3, "change_message": ""}}, {"model": "admin.logentry", "pk": 324, "fields": {"action_time": "2025-06-29T16:08:10.579Z", "user": 1, "content_type": 19, "object_id": "231", "object_repr": "banner_avito_1_E2nW1KU.jpg", "action_flag": 3, "change_message": ""}}, {"model": "admin.logentry", "pk": 325, "fields": {"action_time": "2025-06-29T16:08:10.579Z", "user": 1, "content_type": 19, "object_id": "230", "object_repr": "banner_avito_1.jpg", "action_flag": 3, "change_message": ""}}, {"model": "admin.logentry", "pk": 326, "fields": {"action_time": "2025-06-29T16:08:10.579Z", "user": 1, "content_type": 19, "object_id": "229", "object_repr": "banner_avito_pc_2_PwwcOa8.jpg", "action_flag": 3, "change_message": ""}}, {"model": "admin.logentry", "pk": 327, "fields": {"action_time": "2025-06-29T16:08:10.579Z", "user": 1, "content_type": 19, "object_id": "228", "object_repr": "banner_avito_pc_2_bnJpF7H.jpg", "action_flag": 3, "change_message": ""}}, {"model": "admin.logentry", "pk": 328, "fields": {"action_time": "2025-06-29T16:08:10.579Z", "user": 1, "content_type": 19, "object_id": "227", "object_repr": "banner_avito_pc_2.jpg", "action_flag": 3, "change_message": ""}}, {"model": "admin.logentry", "pk": 329, "fields": {"action_time": "2025-06-29T16:08:10.579Z", "user": 1, "content_type": 19, "object_id": "226", "object_repr": "banner_avito_1_FPQaDL8.jpg", "action_flag": 3, "change_message": ""}}, {"model": "admin.logentry", "pk": 330, "fields": {"action_time": "2025-06-29T16:08:10.579Z", "user": 1, "content_type": 19, "object_id": "225", "object_repr": "banner_avito_1_E2nW1KU.jpg", "action_flag": 3, "change_message": ""}}, {"model": "admin.logentry", "pk": 331, "fields": {"action_time": "2025-06-29T16:08:10.579Z", "user": 1, "content_type": 19, "object_id": "224", "object_repr": "banner_avito_1.jpg", "action_flag": 3, "change_message": ""}}, {"model": "admin.logentry", "pk": 332, "fields": {"action_time": "2025-06-29T16:08:10.579Z", "user": 1, "content_type": 19, "object_id": "223", "object_repr": "banner_avito_pc_2_bnJpF7H.jpg", "action_flag": 3, "change_message": ""}}, {"model": "admin.logentry", "pk": 333, "fields": {"action_time": "2025-06-29T16:08:10.579Z", "user": 1, "content_type": 19, "object_id": "222", "object_repr": "banner_avito_pc_2.jpg", "action_flag": 3, "change_message": ""}}, {"model": "admin.logentry", "pk": 334, "fields": {"action_time": "2025-06-29T16:08:10.579Z", "user": 1, "content_type": 19, "object_id": "221", "object_repr": "banner_avito_1_FPQaDL8.jpg", "action_flag": 3, "change_message": ""}}, {"model": "admin.logentry", "pk": 335, "fields": {"action_time": "2025-06-29T16:08:10.579Z", "user": 1, "content_type": 19, "object_id": "220", "object_repr": "banner_avito_1.jpg", "action_flag": 3, "change_message": ""}}, {"model": "admin.logentry", "pk": 336, "fields": {"action_time": "2025-06-29T16:08:10.579Z", "user": 1, "content_type": 19, "object_id": "219", "object_repr": "banner_avito_pc_2.jpg", "action_flag": 3, "change_message": ""}}, {"model": "admin.logentry", "pk": 337, "fields": {"action_time": "2025-06-29T16:08:10.579Z", "user": 1, "content_type": 19, "object_id": "218", "object_repr": "banner_avito_1.jpg", "action_flag": 3, "change_message": ""}}, {"model": "admin.logentry", "pk": 338, "fields": {"action_time": "2025-06-29T16:09:28.141Z", "user": 1, "content_type": 19, "object_id": "307", "object_repr": "logo_sait_XwA3rmU.png", "action_flag": 3, "change_message": ""}}, {"model": "admin.logentry", "pk": 339, "fields": {"action_time": "2025-06-29T16:09:28.141Z", "user": 1, "content_type": 19, "object_id": "306", "object_repr": "logo_sait_nypVK7z.png", "action_flag": 3, "change_message": ""}}, {"model": "admin.logentry", "pk": 340, "fields": {"action_time": "2025-06-29T16:09:28.141Z", "user": 1, "content_type": 19, "object_id": "305", "object_repr": "logo_sait.png", "action_flag": 3, "change_message": ""}}, {"model": "admin.logentry", "pk": 341, "fields": {"action_time": "2025-06-29T16:09:28.141Z", "user": 1, "content_type": 19, "object_id": "304", "object_repr": "logo24.png", "action_flag": 3, "change_message": ""}}, {"model": "admin.logentry", "pk": 342, "fields": {"action_time": "2025-06-29T16:09:28.141Z", "user": 1, "content_type": 19, "object_id": "303", "object_repr": "photo_2025-05-11_20-55-19_25_magicstudio_gt2lg04319n.png", "action_flag": 3, "change_message": ""}}, {"model": "admin.logentry", "pk": 343, "fields": {"action_time": "2025-06-29T16:09:28.141Z", "user": 1, "content_type": 19, "object_id": "302", "object_repr": "photo_2024-09-18_14-52-55.jpg", "action_flag": 3, "change_message": ""}}, {"model": "admin.logentry", "pk": 344, "fields": {"action_time": "2025-06-29T16:09:28.141Z", "user": 1, "content_type": 19, "object_id": "301", "object_repr": "freepik__the-style-is-candid-image-photography-with-natural__47966_UQmhn6Q.jpeg", "action_flag": 3, "change_message": ""}}, {"model": "admin.logentry", "pk": 345, "fields": {"action_time": "2025-06-29T16:09:28.141Z", "user": 1, "content_type": 19, "object_id": "300", "object_repr": "freepik__the-style-is-candid-image-photography-with-natural__47966.jpeg", "action_flag": 3, "change_message": ""}}, {"model": "admin.logentry", "pk": 346, "fields": {"action_time": "2025-06-29T16:09:28.141Z", "user": 1, "content_type": 19, "object_id": "299", "object_repr": "banner_avito_pc_2.jpg", "action_flag": 3, "change_message": ""}}, {"model": "admin.logentry", "pk": 347, "fields": {"action_time": "2025-06-29T16:09:28.141Z", "user": 1, "content_type": 19, "object_id": "298", "object_repr": "banner_avito_1.jpg", "action_flag": 3, "change_message": ""}}, {"model": "admin.logentry", "pk": 348, "fields": {"action_time": "2025-06-29T16:09:28.141Z", "user": 1, "content_type": 19, "object_id": "297", "object_repr": "logo_sait_XwA3rmU.png", "action_flag": 3, "change_message": ""}}, {"model": "admin.logentry", "pk": 349, "fields": {"action_time": "2025-06-29T16:09:28.141Z", "user": 1, "content_type": 19, "object_id": "296", "object_repr": "logo_sait_nypVK7z.png", "action_flag": 3, "change_message": ""}}, {"model": "admin.logentry", "pk": 350, "fields": {"action_time": "2025-06-29T16:09:28.141Z", "user": 1, "content_type": 19, "object_id": "295", "object_repr": "logo_sait.png", "action_flag": 3, "change_message": ""}}, {"model": "admin.logentry", "pk": 351, "fields": {"action_time": "2025-06-29T16:09:28.141Z", "user": 1, "content_type": 19, "object_id": "294", "object_repr": "logo24.png", "action_flag": 3, "change_message": ""}}, {"model": "admin.logentry", "pk": 352, "fields": {"action_time": "2025-06-29T16:09:28.141Z", "user": 1, "content_type": 19, "object_id": "293", "object_repr": "photo_2025-05-11_20-55-19_25_magicstudio_gt2lg04319n.png", "action_flag": 3, "change_message": ""}}, {"model": "admin.logentry", "pk": 353, "fields": {"action_time": "2025-06-29T16:09:28.141Z", "user": 1, "content_type": 19, "object_id": "292", "object_repr": "photo_2024-09-18_14-52-55.jpg", "action_flag": 3, "change_message": ""}}, {"model": "admin.logentry", "pk": 354, "fields": {"action_time": "2025-06-29T16:09:28.141Z", "user": 1, "content_type": 19, "object_id": "291", "object_repr": "freepik__the-style-is-candid-image-photography-with-natural__47966_UQmhn6Q.jpeg", "action_flag": 3, "change_message": ""}}, {"model": "admin.logentry", "pk": 355, "fields": {"action_time": "2025-06-29T16:09:28.141Z", "user": 1, "content_type": 19, "object_id": "290", "object_repr": "freepik__the-style-is-candid-image-photography-with-natural__47966.jpeg", "action_flag": 3, "change_message": ""}}, {"model": "admin.logentry", "pk": 356, "fields": {"action_time": "2025-06-29T16:09:28.141Z", "user": 1, "content_type": 19, "object_id": "289", "object_repr": "banner_avito_pc_2.jpg", "action_flag": 3, "change_message": ""}}, {"model": "admin.logentry", "pk": 357, "fields": {"action_time": "2025-06-29T16:09:28.141Z", "user": 1, "content_type": 19, "object_id": "288", "object_repr": "banner_avito_1.jpg", "action_flag": 3, "change_message": ""}}, {"model": "admin.logentry", "pk": 358, "fields": {"action_time": "2025-06-29T16:09:28.141Z", "user": 1, "content_type": 19, "object_id": "287", "object_repr": "logo_sait_XwA3rmU.png", "action_flag": 3, "change_message": ""}}, {"model": "admin.logentry", "pk": 359, "fields": {"action_time": "2025-06-29T16:09:28.141Z", "user": 1, "content_type": 19, "object_id": "286", "object_repr": "logo_sait_nypVK7z.png", "action_flag": 3, "change_message": ""}}, {"model": "admin.logentry", "pk": 360, "fields": {"action_time": "2025-06-29T16:09:28.141Z", "user": 1, "content_type": 19, "object_id": "285", "object_repr": "logo_sait.png", "action_flag": 3, "change_message": ""}}, {"model": "admin.logentry", "pk": 361, "fields": {"action_time": "2025-06-29T16:09:28.141Z", "user": 1, "content_type": 19, "object_id": "284", "object_repr": "logo24.png", "action_flag": 3, "change_message": ""}}, {"model": "admin.logentry", "pk": 362, "fields": {"action_time": "2025-06-29T16:09:28.141Z", "user": 1, "content_type": 19, "object_id": "283", "object_repr": "photo_2025-05-11_20-55-19_25_magicstudio_gt2lg04319n.png", "action_flag": 3, "change_message": ""}}, {"model": "admin.logentry", "pk": 363, "fields": {"action_time": "2025-06-29T16:09:28.141Z", "user": 1, "content_type": 19, "object_id": "282", "object_repr": "photo_2024-09-18_14-52-55.jpg", "action_flag": 3, "change_message": ""}}, {"model": "admin.logentry", "pk": 364, "fields": {"action_time": "2025-06-29T16:09:28.141Z", "user": 1, "content_type": 19, "object_id": "281", "object_repr": "freepik__the-style-is-candid-image-photography-with-natural__47966_UQmhn6Q.jpeg", "action_flag": 3, "change_message": ""}}, {"model": "admin.logentry", "pk": 365, "fields": {"action_time": "2025-06-29T16:09:28.141Z", "user": 1, "content_type": 19, "object_id": "280", "object_repr": "freepik__the-style-is-candid-image-photography-with-natural__47966.jpeg", "action_flag": 3, "change_message": ""}}, {"model": "admin.logentry", "pk": 366, "fields": {"action_time": "2025-06-29T16:09:28.141Z", "user": 1, "content_type": 19, "object_id": "279", "object_repr": "banner_avito_pc_2.jpg", "action_flag": 3, "change_message": ""}}, {"model": "admin.logentry", "pk": 367, "fields": {"action_time": "2025-06-29T16:09:28.141Z", "user": 1, "content_type": 19, "object_id": "278", "object_repr": "banner_avito_1.jpg", "action_flag": 3, "change_message": ""}}, {"model": "admin.logentry", "pk": 368, "fields": {"action_time": "2025-06-29T16:11:49.018Z", "user": 1, "content_type": 19, "object_id": "327", "object_repr": "logo_sait_XwA3rmU.png", "action_flag": 3, "change_message": ""}}, {"model": "admin.logentry", "pk": 369, "fields": {"action_time": "2025-06-29T16:11:49.018Z", "user": 1, "content_type": 19, "object_id": "326", "object_repr": "logo_sait_nypVK7z.png", "action_flag": 3, "change_message": ""}}, {"model": "admin.logentry", "pk": 370, "fields": {"action_time": "2025-06-29T16:11:49.018Z", "user": 1, "content_type": 19, "object_id": "325", "object_repr": "logo_sait.png", "action_flag": 3, "change_message": ""}}, {"model": "admin.logentry", "pk": 371, "fields": {"action_time": "2025-06-29T16:11:49.018Z", "user": 1, "content_type": 19, "object_id": "324", "object_repr": "logo24.png", "action_flag": 3, "change_message": ""}}, {"model": "admin.logentry", "pk": 372, "fields": {"action_time": "2025-06-29T16:11:49.018Z", "user": 1, "content_type": 19, "object_id": "323", "object_repr": "photo_2025-05-11_20-55-19_25_magicstudio_gt2lg04319n.png", "action_flag": 3, "change_message": ""}}, {"model": "admin.logentry", "pk": 373, "fields": {"action_time": "2025-06-29T16:11:49.018Z", "user": 1, "content_type": 19, "object_id": "322", "object_repr": "photo_2024-09-18_14-52-55.jpg", "action_flag": 3, "change_message": ""}}, {"model": "admin.logentry", "pk": 374, "fields": {"action_time": "2025-06-29T16:11:49.018Z", "user": 1, "content_type": 19, "object_id": "321", "object_repr": "freepik__the-style-is-candid-image-photography-with-natural__47966_UQmhn6Q.jpeg", "action_flag": 3, "change_message": ""}}, {"model": "admin.logentry", "pk": 375, "fields": {"action_time": "2025-06-29T16:11:49.018Z", "user": 1, "content_type": 19, "object_id": "320", "object_repr": "freepik__the-style-is-candid-image-photography-with-natural__47966.jpeg", "action_flag": 3, "change_message": ""}}, {"model": "admin.logentry", "pk": 376, "fields": {"action_time": "2025-06-29T16:11:49.018Z", "user": 1, "content_type": 19, "object_id": "319", "object_repr": "banner_avito_pc_2.jpg", "action_flag": 3, "change_message": ""}}, {"model": "admin.logentry", "pk": 377, "fields": {"action_time": "2025-06-29T16:11:49.018Z", "user": 1, "content_type": 19, "object_id": "318", "object_repr": "banner_avito_1.jpg", "action_flag": 3, "change_message": ""}}, {"model": "admin.logentry", "pk": 378, "fields": {"action_time": "2025-06-29T16:11:49.018Z", "user": 1, "content_type": 19, "object_id": "317", "object_repr": "logo_sait_XwA3rmU.png", "action_flag": 3, "change_message": ""}}, {"model": "admin.logentry", "pk": 379, "fields": {"action_time": "2025-06-29T16:11:49.018Z", "user": 1, "content_type": 19, "object_id": "316", "object_repr": "logo_sait_nypVK7z.png", "action_flag": 3, "change_message": ""}}, {"model": "admin.logentry", "pk": 380, "fields": {"action_time": "2025-06-29T16:11:49.018Z", "user": 1, "content_type": 19, "object_id": "315", "object_repr": "logo_sait.png", "action_flag": 3, "change_message": ""}}, {"model": "admin.logentry", "pk": 381, "fields": {"action_time": "2025-06-29T16:11:49.018Z", "user": 1, "content_type": 19, "object_id": "314", "object_repr": "logo24.png", "action_flag": 3, "change_message": ""}}, {"model": "admin.logentry", "pk": 382, "fields": {"action_time": "2025-06-29T16:11:49.018Z", "user": 1, "content_type": 19, "object_id": "313", "object_repr": "photo_2025-05-11_20-55-19_25_magicstudio_gt2lg04319n.png", "action_flag": 3, "change_message": ""}}, {"model": "admin.logentry", "pk": 383, "fields": {"action_time": "2025-06-29T16:11:49.018Z", "user": 1, "content_type": 19, "object_id": "312", "object_repr": "photo_2024-09-18_14-52-55.jpg", "action_flag": 3, "change_message": ""}}, {"model": "admin.logentry", "pk": 384, "fields": {"action_time": "2025-06-29T16:11:49.018Z", "user": 1, "content_type": 19, "object_id": "311", "object_repr": "freepik__the-style-is-candid-image-photography-with-natural__47966_UQmhn6Q.jpeg", "action_flag": 3, "change_message": ""}}, {"model": "admin.logentry", "pk": 385, "fields": {"action_time": "2025-06-29T16:11:49.018Z", "user": 1, "content_type": 19, "object_id": "310", "object_repr": "freepik__the-style-is-candid-image-photography-with-natural__47966.jpeg", "action_flag": 3, "change_message": ""}}, {"model": "admin.logentry", "pk": 386, "fields": {"action_time": "2025-06-29T16:11:49.018Z", "user": 1, "content_type": 19, "object_id": "309", "object_repr": "banner_avito_pc_2.jpg", "action_flag": 3, "change_message": ""}}, {"model": "admin.logentry", "pk": 387, "fields": {"action_time": "2025-06-29T16:11:49.018Z", "user": 1, "content_type": 19, "object_id": "308", "object_repr": "banner_avito_1.jpg", "action_flag": 3, "change_message": ""}}, {"model": "admin.logentry", "pk": 388, "fields": {"action_time": "2025-06-29T16:15:29.361Z", "user": 1, "content_type": 19, "object_id": "337", "object_repr": "logo_sait_XwA3rmU.png", "action_flag": 3, "change_message": ""}}, {"model": "admin.logentry", "pk": 389, "fields": {"action_time": "2025-06-29T16:15:29.361Z", "user": 1, "content_type": 19, "object_id": "336", "object_repr": "logo_sait_nypVK7z.png", "action_flag": 3, "change_message": ""}}, {"model": "admin.logentry", "pk": 390, "fields": {"action_time": "2025-06-29T16:15:29.361Z", "user": 1, "content_type": 19, "object_id": "335", "object_repr": "logo_sait.png", "action_flag": 3, "change_message": ""}}, {"model": "admin.logentry", "pk": 391, "fields": {"action_time": "2025-06-29T16:15:29.361Z", "user": 1, "content_type": 19, "object_id": "334", "object_repr": "logo24.png", "action_flag": 3, "change_message": ""}}, {"model": "admin.logentry", "pk": 392, "fields": {"action_time": "2025-06-29T16:15:29.361Z", "user": 1, "content_type": 19, "object_id": "333", "object_repr": "photo_2025-05-11_20-55-19_25_magicstudio_gt2lg04319n.png", "action_flag": 3, "change_message": ""}}, {"model": "admin.logentry", "pk": 393, "fields": {"action_time": "2025-06-29T16:15:29.361Z", "user": 1, "content_type": 19, "object_id": "332", "object_repr": "photo_2024-09-18_14-52-55.jpg", "action_flag": 3, "change_message": ""}}, {"model": "admin.logentry", "pk": 394, "fields": {"action_time": "2025-06-29T16:15:29.361Z", "user": 1, "content_type": 19, "object_id": "331", "object_repr": "freepik__the-style-is-candid-image-photography-with-natural__47966_UQmhn6Q.jpeg", "action_flag": 3, "change_message": ""}}, {"model": "admin.logentry", "pk": 395, "fields": {"action_time": "2025-06-29T16:15:29.361Z", "user": 1, "content_type": 19, "object_id": "330", "object_repr": "freepik__the-style-is-candid-image-photography-with-natural__47966.jpeg", "action_flag": 3, "change_message": ""}}, {"model": "admin.logentry", "pk": 396, "fields": {"action_time": "2025-06-29T16:15:29.361Z", "user": 1, "content_type": 19, "object_id": "329", "object_repr": "banner_avito_pc_2.jpg", "action_flag": 3, "change_message": ""}}, {"model": "admin.logentry", "pk": 397, "fields": {"action_time": "2025-06-29T16:15:29.361Z", "user": 1, "content_type": 19, "object_id": "328", "object_repr": "banner_avito_1.jpg", "action_flag": 3, "change_message": ""}}, {"model": "admin.logentry", "pk": 398, "fields": {"action_time": "2025-06-29T16:16:38.678Z", "user": 1, "content_type": 18, "object_id": "1", "object_repr": "Настройки сайта", "action_flag": 2, "change_message": "[{\"changed\": {\"fields\": [\"\\u041b\\u043e\\u0433\\u043e\\u0442\\u0438\\u043f\"]}}]"}}, {"model": "admin.logentry", "pk": 399, "fields": {"action_time": "2025-06-29T16:16:48.830Z", "user": 1, "content_type": 18, "object_id": "1", "object_repr": "Настройки сайта", "action_flag": 2, "change_message": "[{\"changed\": {\"fields\": [\"\\u041b\\u043e\\u0433\\u043e\\u0442\\u0438\\u043f\"]}}]"}}, {"model": "admin.logentry", "pk": 400, "fields": {"action_time": "2025-06-29T16:17:02.592Z", "user": 1, "content_type": 19, "object_id": "338", "object_repr": "logo_sait.png", "action_flag": 3, "change_message": ""}}, {"model": "admin.logentry", "pk": 401, "fields": {"action_time": "2025-06-29T16:21:47.209Z", "user": 1, "content_type": 19, "object_id": "341", "object_repr": "logo_sait.png", "action_flag": 3, "change_message": ""}}, {"model": "admin.logentry", "pk": 402, "fields": {"action_time": "2025-06-29T16:21:47.209Z", "user": 1, "content_type": 19, "object_id": "340", "object_repr": "banner_avito_pc_2.jpg", "action_flag": 3, "change_message": ""}}, {"model": "admin.logentry", "pk": 403, "fields": {"action_time": "2025-06-29T16:21:47.209Z", "user": 1, "content_type": 19, "object_id": "339", "object_repr": "banner_avito_1.jpg", "action_flag": 3, "change_message": ""}}, {"model": "admin.logentry", "pk": 404, "fields": {"action_time": "2025-06-29T16:21:58.593Z", "user": 1, "content_type": 19, "object_id": "344", "object_repr": "logo_sait.png", "action_flag": 3, "change_message": ""}}, {"model": "admin.logentry", "pk": 405, "fields": {"action_time": "2025-06-29T16:22:08.711Z", "user": 1, "content_type": 18, "object_id": "1", "object_repr": "Настройки сайта", "action_flag": 2, "change_message": "[{\"changed\": {\"fields\": [\"\\u041b\\u043e\\u0433\\u043e\\u0442\\u0438\\u043f\"]}}]"}}, {"model": "admin.logentry", "pk": 406, "fields": {"action_time": "2025-06-29T16:22:15.344Z", "user": 1, "content_type": 18, "object_id": "1", "object_repr": "Настройки сайта", "action_flag": 2, "change_message": "[{\"changed\": {\"fields\": [\"\\u041b\\u043e\\u0433\\u043e\\u0442\\u0438\\u043f\"]}}]"}}, {"model": "admin.logentry", "pk": 407, "fields": {"action_time": "2025-06-29T16:22:34.793Z", "user": 1, "content_type": 19, "object_id": "343", "object_repr": "banner_avito_pc_2.jpg", "action_flag": 3, "change_message": ""}}, {"model": "admin.logentry", "pk": 408, "fields": {"action_time": "2025-06-29T16:24:47.539Z", "user": 1, "content_type": 14, "object_id": "2", "object_repr": "2", "action_flag": 3, "change_message": ""}}, {"model": "admin.logentry", "pk": 409, "fields": {"action_time": "2025-06-29T16:25:08.448Z", "user": 1, "content_type": 14, "object_id": "3", "object_repr": "Баннер 2", "action_flag": 1, "change_message": "[{\"added\": {}}]"}}, {"model": "admin.logentry", "pk": 410, "fields": {"action_time": "2025-06-29T16:25:12.416Z", "user": 1, "content_type": 14, "object_id": "3", "object_repr": "Баннер 2", "action_flag": 2, "change_message": "[{\"changed\": {\"fields\": [\"\\u041f\\u043e\\u0440\\u044f\\u0434\\u043e\\u043a \\u043e\\u0442\\u043e\\u0431\\u0440\\u0430\\u0436\\u0435\\u043d\\u0438\\u044f\"]}}]"}}, {"model": "admin.logentry", "pk": 411, "fields": {"action_time": "2025-06-29T16:25:12.418Z", "user": 1, "content_type": 14, "object_id": "1", "object_repr": "Баннер 1", "action_flag": 2, "change_message": "[{\"changed\": {\"fields\": [\"\\u041f\\u043e\\u0440\\u044f\\u0434\\u043e\\u043a \\u043e\\u0442\\u043e\\u0431\\u0440\\u0430\\u0436\\u0435\\u043d\\u0438\\u044f\"]}}]"}}, {"model": "admin.logentry", "pk": 412, "fields": {"action_time": "2025-06-29T16:25:43.049Z", "user": 1, "content_type": 19, "object_id": "346", "object_repr": "banner_avito_pc_2.jpg", "action_flag": 3, "change_message": ""}}, {"model": "admin.logentry", "pk": 413, "fields": {"action_time": "2025-06-29T16:26:22.638Z", "user": 1, "content_type": 19, "object_id": "345", "object_repr": "logo_sait.png", "action_flag": 3, "change_message": ""}}, {"model": "admin.logentry", "pk": 414, "fields": {"action_time": "2025-06-29T16:26:32.540Z", "user": 1, "content_type": 18, "object_id": "1", "object_repr": "Настройки сайта", "action_flag": 2, "change_message": "[{\"changed\": {\"fields\": [\"\\u041b\\u043e\\u0433\\u043e\\u0442\\u0438\\u043f\"]}}]"}}, {"model": "admin.logentry", "pk": 415, "fields": {"action_time": "2025-06-29T16:26:48.694Z", "user": 1, "content_type": 18, "object_id": "1", "object_repr": "Настройки сайта", "action_flag": 2, "change_message": "[{\"changed\": {\"fields\": [\"\\u041b\\u043e\\u0433\\u043e\\u0442\\u0438\\u043f\"]}}]"}}, {"model": "admin.logentry", "pk": 416, "fields": {"action_time": "2025-06-29T16:27:04.772Z", "user": 1, "content_type": 14, "object_id": "3", "object_repr": "Баннер 2", "action_flag": 3, "change_message": ""}}, {"model": "admin.logentry", "pk": 417, "fields": {"action_time": "2025-06-29T16:27:40.546Z", "user": 1, "content_type": 19, "object_id": "348", "object_repr": "Баннер 2", "action_flag": 1, "change_message": "[{\"added\": {}}]"}}, {"model": "admin.logentry", "pk": 418, "fields": {"action_time": "2025-06-29T16:28:07.388Z", "user": 1, "content_type": 19, "object_id": "348", "object_repr": "Баннер 2", "action_flag": 3, "change_message": ""}}, {"model": "admin.logentry", "pk": 419, "fields": {"action_time": "2025-06-29T16:28:19.893Z", "user": 1, "content_type": 14, "object_id": "4", "object_repr": "Баннер 2", "action_flag": 1, "change_message": "[{\"added\": {}}]"}}, {"model": "admin.logentry", "pk": 420, "fields": {"action_time": "2025-06-29T16:28:22.964Z", "user": 1, "content_type": 14, "object_id": "4", "object_repr": "Баннер 2", "action_flag": 2, "change_message": "[{\"changed\": {\"fields\": [\"\\u041f\\u043e\\u0440\\u044f\\u0434\\u043e\\u043a \\u043e\\u0442\\u043e\\u0431\\u0440\\u0430\\u0436\\u0435\\u043d\\u0438\\u044f\"]}}]"}}, {"model": "admin.logentry", "pk": 421, "fields": {"action_time": "2025-06-29T16:28:35.771Z", "user": 1, "content_type": 19, "object_id": "349", "object_repr": "banner_avito_pc_2.jpg", "action_flag": 3, "change_message": ""}}, {"model": "admin.logentry", "pk": 422, "fields": {"action_time": "2025-06-29T16:29:55.736Z", "user": 1, "content_type": 14, "object_id": "4", "object_repr": "Баннер 2", "action_flag": 2, "change_message": "[{\"changed\": {\"fields\": [\"\\u0418\\u0437\\u043e\\u0431\\u0440\\u0430\\u0436\\u0435\\u043d\\u0438\\u0435\"]}}]"}}, {"model": "admin.logentry", "pk": 423, "fields": {"action_time": "2025-06-29T16:30:06.784Z", "user": 1, "content_type": 19, "object_id": "350", "object_repr": "banner_avito_pc_2.jpg", "action_flag": 3, "change_message": ""}}, {"model": "admin.logentry", "pk": 424, "fields": {"action_time": "2025-06-29T16:31:02.455Z", "user": 1, "content_type": 19, "object_id": "350", "object_repr": "banner_avito_pc_2.jpg", "action_flag": 3, "change_message": ""}}, {"model": "admin.logentry", "pk": 425, "fields": {"action_time": "2025-06-29T16:31:10.423Z", "user": 1, "content_type": 19, "object_id": "347", "object_repr": "logo_sait.png", "action_flag": 3, "change_message": ""}}, {"model": "admin.logentry", "pk": 426, "fields": {"action_time": "2025-06-29T16:31:26.187Z", "user": 1, "content_type": 14, "object_id": "4", "object_repr": "Баннер 2", "action_flag": 3, "change_message": ""}}, {"model": "admin.logentry", "pk": 427, "fields": {"action_time": "2025-06-29T16:31:34.828Z", "user": 1, "content_type": 19, "object_id": "350", "object_repr": "banner_avito_pc_2.jpg", "action_flag": 3, "change_message": ""}}, {"model": "admin.logentry", "pk": 428, "fields": {"action_time": "2025-06-29T16:39:10.129Z", "user": 1, "content_type": 18, "object_id": "1", "object_repr": "Настройки сайта", "action_flag": 2, "change_message": "[{\"changed\": {\"fields\": [\"\\u041b\\u043e\\u0433\\u043e\\u0442\\u0438\\u043f\"]}}]"}}, {"model": "admin.logentry", "pk": 429, "fields": {"action_time": "2025-06-29T16:39:16.060Z", "user": 1, "content_type": 19, "object_id": "347", "object_repr": "logo_sait.png", "action_flag": 3, "change_message": ""}}, {"model": "admin.logentry", "pk": 430, "fields": {"action_time": "2025-06-29T16:39:24.365Z", "user": 1, "content_type": 18, "object_id": "1", "object_repr": "Настройки сайта", "action_flag": 2, "change_message": "[{\"changed\": {\"fields\": [\"\\u041b\\u043e\\u0433\\u043e\\u0442\\u0438\\u043f\"]}}]"}}, {"model": "admin.logentry", "pk": 431, "fields": {"action_time": "2025-06-29T16:40:31.786Z", "user": 1, "content_type": 10, "object_id": "1", "object_repr": "motolom24.ru", "action_flag": 2, "change_message": "[{\"changed\": {\"fields\": [\"Domain name\", \"Display name\"]}}]"}}, {"model": "admin.logentry", "pk": 432, "fields": {"action_time": "2025-06-29T16:40:46.339Z", "user": 1, "content_type": 9, "object_id": "7", "object_repr": "Новая страница", "action_flag": 3, "change_message": ""}}, {"model": "admin.logentry", "pk": 433, "fields": {"action_time": "2025-06-29T16:41:16.513Z", "user": 1, "content_type": 8, "object_id": "27", "object_repr": "Двигатель P610E", "action_flag": 2, "change_message": "[{\"changed\": {\"fields\": [\"\\u0424\\u043e\\u0442\\u043e\"]}}]"}}, {"model": "admin.logentry", "pk": 434, "fields": {"action_time": "2025-06-29T16:41:36.603Z", "user": 1, "content_type": 8, "object_id": "27", "object_repr": "Двигатель P610E", "action_flag": 2, "change_message": "[{\"changed\": {\"fields\": [\"\\u0424\\u043e\\u0442\\u043e\"]}}]"}}, {"model": "admin.logentry", "pk": 435, "fields": {"action_time": "2025-06-30T02:56:19.476Z", "user": 1, "content_type": 9, "object_id": "4", "object_repr": "Условия и доставка", "action_flag": 2, "change_message": "[{\"changed\": {\"fields\": [\"\\u0421\\u043e\\u0434\\u0435\\u0440\\u0436\\u0430\\u043d\\u0438\\u0435\"]}}]"}}, {"model": "admin.logentry", "pk": 436, "fields": {"action_time": "2025-06-30T02:57:53.228Z", "user": 1, "content_type": 17, "object_id": "1", "object_repr": "Настройки подвала сайта", "action_flag": 2, "change_message": "[{\"changed\": {\"fields\": [\"\\u0422\\u0435\\u043a\\u0441\\u0442\\u043e\\u0432\\u044b\\u0439 \\u0431\\u043b\\u043e\\u043a \\u043f\\u043e\\u0434\\u0432\\u0430\\u043b\\u0430\"]}}]"}}, {"model": "admin.logentry", "pk": 437, "fields": {"action_time": "2025-06-30T02:59:36.189Z", "user": 1, "content_type": 9, "object_id": "5", "object_repr": "Выкуп мотоциклов", "action_flag": 2, "change_message": "[{\"changed\": {\"fields\": [\"\\u0421\\u043e\\u0434\\u0435\\u0440\\u0436\\u0430\\u043d\\u0438\\u0435\"]}}]"}}, {"model": "admin.logentry", "pk": 438, "fields": {"action_time": "2025-06-30T03:12:04.232Z", "user": 1, "content_type": 9, "object_id": "5", "object_repr": "Выкуп мотоциклов", "action_flag": 2, "change_message": "[{\"changed\": {\"fields\": [\"\\u0421\\u043e\\u0434\\u0435\\u0440\\u0436\\u0430\\u043d\\u0438\\u0435\"]}}]"}}, {"model": "admin.logentry", "pk": 439, "fields": {"action_time": "2025-06-30T03:19:13.279Z", "user": 1, "content_type": 9, "object_id": "5", "object_repr": "Выкуп мотоциклов", "action_flag": 2, "change_message": "[{\"changed\": {\"fields\": [\"\\u0421\\u043e\\u0434\\u0435\\u0440\\u0436\\u0430\\u043d\\u0438\\u0435\"]}}]"}}, {"model": "admin.logentry", "pk": 440, "fields": {"action_time": "2025-06-30T03:22:12.600Z", "user": 1, "content_type": 19, "object_id": "354", "object_repr": "photo_2024-02-09_22-00-30_W19VMvj.jpg", "action_flag": 3, "change_message": ""}}, {"model": "admin.logentry", "pk": 441, "fields": {"action_time": "2025-06-30T03:22:12.600Z", "user": 1, "content_type": 19, "object_id": "353", "object_repr": "photo_2024-02-09_22-00-30.jpg", "action_flag": 3, "change_message": ""}}, {"model": "admin.logentry", "pk": 442, "fields": {"action_time": "2025-06-30T03:31:15.481Z", "user": 1, "content_type": 9, "object_id": "5", "object_repr": "Выкуп мотоциклов", "action_flag": 2, "change_message": "[{\"changed\": {\"fields\": [\"\\u0421\\u043e\\u0434\\u0435\\u0440\\u0436\\u0430\\u043d\\u0438\\u0435\"]}}]"}}, {"model": "admin.logentry", "pk": 443, "fields": {"action_time": "2025-06-30T03:36:23.957Z", "user": 1, "content_type": 9, "object_id": "5", "object_repr": "Выкуп мотоциклов", "action_flag": 2, "change_message": "[{\"changed\": {\"fields\": [\"\\u0421\\u043e\\u0434\\u0435\\u0440\\u0436\\u0430\\u043d\\u0438\\u0435\"]}}]"}}, {"model": "admin.logentry", "pk": 444, "fields": {"action_time": "2025-06-30T04:00:09.900Z", "user": 1, "content_type": 8, "object_id": "27", "object_repr": "Двигатель P610E", "action_flag": 2, "change_message": "[{\"added\": {\"name\": \"\\u0418\\u0437\\u043e\\u0431\\u0440\\u0430\\u0436\\u0435\\u043d\\u0438\\u0435 \\u0442\\u043e\\u0432\\u0430\\u0440\\u0430\", \"object\": \"\\u0414\\u0432\\u0438\\u0433\\u0430\\u0442\\u0435\\u043b\\u044c P610E \\u2014 products/gallery/photo_2025-05-11_20-54-59_12_magicstudio_xrltbmazf0k.png\"}}]"}}, {"model": "admin.logentry", "pk": 445, "fields": {"action_time": "2025-06-30T04:00:33.359Z", "user": 1, "content_type": 8, "object_id": "27", "object_repr": "Двигатель P610E", "action_flag": 2, "change_message": "[{\"added\": {\"name\": \"\\u0418\\u0437\\u043e\\u0431\\u0440\\u0430\\u0436\\u0435\\u043d\\u0438\\u0435 \\u0442\\u043e\\u0432\\u0430\\u0440\\u0430\", \"object\": \"\\u0414\\u0432\\u0438\\u0433\\u0430\\u0442\\u0435\\u043b\\u044c P610E \\u2014 products/gallery/photo_2025-05-11_20-55-19_25_magicstudio_gt2lg04319n.png\"}}, {\"added\": {\"name\": \"\\u0418\\u0437\\u043e\\u0431\\u0440\\u0430\\u0436\\u0435\\u043d\\u0438\\u0435 \\u0442\\u043e\\u0432\\u0430\\u0440\\u0430\", \"object\": \"\\u0414\\u0432\\u0438\\u0433\\u0430\\u0442\\u0435\\u043b\\u044c P610E \\u2014 products/gallery/photo_2025-05-11_20-55-00_magicstudio_gz6k1gwx09f.png\"}}]"}}, {"model": "admin.logentry", "pk": 446, "fields": {"action_time": "2025-06-30T04:15:50.299Z", "user": 1, "content_type": 19, "object_id": "358", "object_repr": "photo_2025-05-11_20-55-00_magicstudio_gz6k1gwx09f.png", "action_flag": 3, "change_message": ""}}, {"model": "admin.logentry", "pk": 447, "fields": {"action_time": "2025-06-30T04:57:53.260Z", "user": 1, "content_type": 8, "object_id": "30", "object_repr": "Двигатель P610E (Копия)", "action_flag": 2, "change_message": "[{\"changed\": {\"fields\": [\"\\u041a\\u043e\\u043b\\u0438\\u0447\\u0435\\u0441\\u0442\\u0432\\u043e\"]}}]"}}, {"model": "admin.logentry", "pk": 448, "fields": {"action_time": "2025-06-30T04:58:10.831Z", "user": 1, "content_type": 8, "object_id": "26", "object_repr": "Honda CBR 600 RR 2007 года", "action_flag": 3, "change_message": ""}}, {"model": "admin.logentry", "pk": 449, "fields": {"action_time": "2025-06-30T04:58:20.953Z", "user": 1, "content_type": 8, "object_id": "30", "object_repr": "Двигатель P610E (Копия)", "action_flag": 2, "change_message": "[{\"changed\": {\"fields\": [\"\\u0412 \\u043d\\u0430\\u043b\\u0438\\u0447\\u0438\\u0438\"]}}]"}}, {"model": "admin.logentry", "pk": 450, "fields": {"action_time": "2025-06-30T04:58:20.955Z", "user": 1, "content_type": 8, "object_id": "29", "object_repr": "Двигатель P610E (Копия) (Копия)", "action_flag": 2, "change_message": "[{\"changed\": {\"fields\": [\"\\u0412 \\u043d\\u0430\\u043b\\u0438\\u0447\\u0438\\u0438\"]}}]"}}, {"model": "admin.logentry", "pk": 451, "fields": {"action_time": "2025-06-30T04:58:20.956Z", "user": 1, "content_type": 8, "object_id": "28", "object_repr": "Двигатель P610E (Копия)", "action_flag": 2, "change_message": "[{\"changed\": {\"fields\": [\"\\u0412 \\u043d\\u0430\\u043b\\u0438\\u0447\\u0438\\u0438\"]}}]"}}, {"model": "admin.logentry", "pk": 452, "fields": {"action_time": "2025-06-30T04:58:20.957Z", "user": 1, "content_type": 8, "object_id": "27", "object_repr": "Двигатель P610E", "action_flag": 2, "change_message": "[{\"changed\": {\"fields\": [\"\\u0412 \\u043d\\u0430\\u043b\\u0438\\u0447\\u0438\\u0438\"]}}]"}}, {"model": "admin.logentry", "pk": 453, "fields": {"action_time": "2025-06-30T04:58:32.380Z", "user": 1, "content_type": 8, "object_id": "29", "object_repr": "Двигатель P610E (Копия) (Копия)", "action_flag": 2, "change_message": "[{\"changed\": {\"fields\": [\"\\u0412 \\u043d\\u0430\\u043b\\u0438\\u0447\\u0438\\u0438\"]}}]"}}, {"model": "admin.logentry", "pk": 454, "fields": {"action_time": "2025-06-30T04:58:32.382Z", "user": 1, "content_type": 8, "object_id": "28", "object_repr": "Двигатель P610E (Копия)", "action_flag": 2, "change_message": "[{\"changed\": {\"fields\": [\"\\u0412 \\u043d\\u0430\\u043b\\u0438\\u0447\\u0438\\u0438\"]}}]"}}, {"model": "admin.logentry", "pk": 455, "fields": {"action_time": "2025-06-30T04:58:32.383Z", "user": 1, "content_type": 8, "object_id": "27", "object_repr": "Двигатель P610E", "action_flag": 2, "change_message": "[{\"changed\": {\"fields\": [\"\\u0412 \\u043d\\u0430\\u043b\\u0438\\u0447\\u0438\\u0438\"]}}]"}}, {"model": "admin.logentry", "pk": 456, "fields": {"action_time": "2025-06-30T04:58:34.395Z", "user": 1, "content_type": 8, "object_id": "29", "object_repr": "Двигатель P610E (Копия) (Копия)", "action_flag": 2, "change_message": "[{\"changed\": {\"fields\": [\"\\u0412 \\u043d\\u0430\\u043b\\u0438\\u0447\\u0438\\u0438\"]}}]"}}, {"model": "admin.logentry", "pk": 457, "fields": {"action_time": "2025-06-30T04:58:46.654Z", "user": 1, "content_type": 8, "object_id": "29", "object_repr": "Двигатель P610E (Копия) (Копия)", "action_flag": 2, "change_message": "[{\"changed\": {\"fields\": [\"\\u041a\\u043e\\u043b\\u0438\\u0447\\u0435\\u0441\\u0442\\u0432\\u043e\"]}}]"}}, {"model": "admin.logentry", "pk": 458, "fields": {"action_time": "2025-06-30T04:58:46.656Z", "user": 1, "content_type": 8, "object_id": "28", "object_repr": "Двигатель P610E (Копия)", "action_flag": 2, "change_message": "[{\"changed\": {\"fields\": [\"\\u041a\\u043e\\u043b\\u0438\\u0447\\u0435\\u0441\\u0442\\u0432\\u043e\"]}}]"}}, {"model": "admin.logentry", "pk": 459, "fields": {"action_time": "2025-06-30T04:58:46.657Z", "user": 1, "content_type": 8, "object_id": "27", "object_repr": "Двигатель P610E", "action_flag": 2, "change_message": "[{\"changed\": {\"fields\": [\"\\u041a\\u043e\\u043b\\u0438\\u0447\\u0435\\u0441\\u0442\\u0432\\u043e\"]}}]"}}, {"model": "admin.logentry", "pk": 460, "fields": {"action_time": "2025-06-30T04:58:53.443Z", "user": 1, "content_type": 8, "object_id": "29", "object_repr": "Двигатель P610E (Копия) (Копия)", "action_flag": 2, "change_message": "[{\"changed\": {\"fields\": [\"\\u0412 \\u043d\\u0430\\u043b\\u0438\\u0447\\u0438\\u0438\"]}}]"}}, {"model": "admin.logentry", "pk": 461, "fields": {"action_time": "2025-06-30T04:58:53.445Z", "user": 1, "content_type": 8, "object_id": "28", "object_repr": "Двигатель P610E (Копия)", "action_flag": 2, "change_message": "[{\"changed\": {\"fields\": [\"\\u0412 \\u043d\\u0430\\u043b\\u0438\\u0447\\u0438\\u0438\"]}}]"}}, {"model": "admin.logentry", "pk": 462, "fields": {"action_time": "2025-06-30T04:58:53.447Z", "user": 1, "content_type": 8, "object_id": "27", "object_repr": "Двигатель P610E", "action_flag": 2, "change_message": "[{\"changed\": {\"fields\": [\"\\u0412 \\u043d\\u0430\\u043b\\u0438\\u0447\\u0438\\u0438\"]}}]"}}, {"model": "admin.logentry", "pk": 463, "fields": {"action_time": "2025-06-30T04:59:50.040Z", "user": 1, "content_type": 8, "object_id": "30", "object_repr": "Двигатель P610E (Копия)", "action_flag": 2, "change_message": "[{\"changed\": {\"fields\": [\"\\u041a\\u043e\\u043b\\u0438\\u0447\\u0435\\u0441\\u0442\\u0432\\u043e\", \"\\u0412 \\u043d\\u0430\\u043b\\u0438\\u0447\\u0438\\u0438\"]}}]"}}, {"model": "admin.logentry", "pk": 464, "fields": {"action_time": "2025-06-30T04:59:50.042Z", "user": 1, "content_type": 8, "object_id": "29", "object_repr": "Двигатель P610E (Копия) (Копия)", "action_flag": 2, "change_message": "[{\"changed\": {\"fields\": [\"\\u041a\\u043e\\u043b\\u0438\\u0447\\u0435\\u0441\\u0442\\u0432\\u043e\", \"\\u0412 \\u043d\\u0430\\u043b\\u0438\\u0447\\u0438\\u0438\"]}}]"}}, {"model": "admin.logentry", "pk": 465, "fields": {"action_time": "2025-06-30T04:59:50.043Z", "user": 1, "content_type": 8, "object_id": "28", "object_repr": "Двигатель P610E (Копия)", "action_flag": 2, "change_message": "[{\"changed\": {\"fields\": [\"\\u041a\\u043e\\u043b\\u0438\\u0447\\u0435\\u0441\\u0442\\u0432\\u043e\", \"\\u0412 \\u043d\\u0430\\u043b\\u0438\\u0447\\u0438\\u0438\"]}}]"}}, {"model": "admin.logentry", "pk": 466, "fields": {"action_time": "2025-06-30T04:59:50.044Z", "user": 1, "content_type": 8, "object_id": "27", "object_repr": "Двигатель P610E", "action_flag": 2, "change_message": "[{\"changed\": {\"fields\": [\"\\u041a\\u043e\\u043b\\u0438\\u0447\\u0435\\u0441\\u0442\\u0432\\u043e\", \"\\u0412 \\u043d\\u0430\\u043b\\u0438\\u0447\\u0438\\u0438\"]}}]"}}, {"model": "admin.logentry", "pk": 467, "fields": {"action_time": "2025-06-30T09:54:52.529Z", "user": 1, "content_type": 8, "object_id": "30", "object_repr": "Двигатель P610E (Копия)", "action_flag": 2, "change_message": "[{\"changed\": {\"fields\": [\"\\u041a\\u043e\\u043b\\u0438\\u0447\\u0435\\u0441\\u0442\\u0432\\u043e\", \"\\u0412 \\u043d\\u0430\\u043b\\u0438\\u0447\\u0438\\u0438\"]}}]"}}, {"model": "admin.logentry", "pk": 468, "fields": {"action_time": "2025-06-30T09:54:52.530Z", "user": 1, "content_type": 8, "object_id": "29", "object_repr": "Двигатель P610E (Копия) (Копия)", "action_flag": 2, "change_message": "[{\"changed\": {\"fields\": [\"\\u041a\\u043e\\u043b\\u0438\\u0447\\u0435\\u0441\\u0442\\u0432\\u043e\", \"\\u0412 \\u043d\\u0430\\u043b\\u0438\\u0447\\u0438\\u0438\"]}}]"}}, {"model": "admin.logentry", "pk": 469, "fields": {"action_time": "2025-06-30T09:54:52.531Z", "user": 1, "content_type": 8, "object_id": "28", "object_repr": "Двигатель P610E (Копия)", "action_flag": 2, "change_message": "[{\"changed\": {\"fields\": [\"\\u041a\\u043e\\u043b\\u0438\\u0447\\u0435\\u0441\\u0442\\u0432\\u043e\", \"\\u0412 \\u043d\\u0430\\u043b\\u0438\\u0447\\u0438\\u0438\"]}}]"}}, {"model": "admin.logentry", "pk": 470, "fields": {"action_time": "2025-06-30T09:54:52.533Z", "user": 1, "content_type": 8, "object_id": "27", "object_repr": "Двигатель P610E", "action_flag": 2, "change_message": "[{\"changed\": {\"fields\": [\"\\u041a\\u043e\\u043b\\u0438\\u0447\\u0435\\u0441\\u0442\\u0432\\u043e\", \"\\u0412 \\u043d\\u0430\\u043b\\u0438\\u0447\\u0438\\u0438\"]}}]"}}, {"model": "admin.logentry", "pk": 471, "fields": {"action_time": "2025-06-30T10:10:46.622Z", "user": 1, "content_type": 21, "object_id": "1", "object_repr": "Заказ #1 от Перелыгин Алексей Андреевич", "action_flag": 3, "change_message": ""}}, {"model": "admin.logentry", "pk": 472, "fields": {"action_time": "2025-06-30T10:12:30.428Z", "user": 1, "content_type": 8, "object_id": "30", "object_repr": "Двигатель 1", "action_flag": 2, "change_message": "[{\"changed\": {\"fields\": [\"\\u041d\\u0430\\u0437\\u0432\\u0430\\u043d\\u0438\\u0435\"]}}]"}}, {"model": "admin.logentry", "pk": 473, "fields": {"action_time": "2025-06-30T10:12:35.065Z", "user": 1, "content_type": 8, "object_id": "29", "object_repr": "Двигатель 2", "action_flag": 2, "change_message": "[{\"changed\": {\"fields\": [\"\\u041d\\u0430\\u0437\\u0432\\u0430\\u043d\\u0438\\u0435\"]}}]"}}, {"model": "admin.logentry", "pk": 474, "fields": {"action_time": "2025-06-30T10:12:41.065Z", "user": 1, "content_type": 8, "object_id": "28", "object_repr": "Двигатель 3", "action_flag": 2, "change_message": "[{\"changed\": {\"fields\": [\"\\u041d\\u0430\\u0437\\u0432\\u0430\\u043d\\u0438\\u0435\"]}}]"}}, {"model": "admin.logentry", "pk": 475, "fields": {"action_time": "2025-06-30T10:12:45.154Z", "user": 1, "content_type": 8, "object_id": "27", "object_repr": "Двигатель 4", "action_flag": 2, "change_message": "[{\"changed\": {\"fields\": [\"\\u041d\\u0430\\u0437\\u0432\\u0430\\u043d\\u0438\\u0435\"]}}]"}}, {"model": "admin.logentry", "pk": 476, "fields": {"action_time": "2025-06-30T10:12:49.101Z", "user": 1, "content_type": 8, "object_id": "30", "object_repr": "Двигатель 1", "action_flag": 2, "change_message": "[{\"changed\": {\"fields\": [\"\\u041a\\u043e\\u043b\\u0438\\u0447\\u0435\\u0441\\u0442\\u0432\\u043e\", \"\\u0412 \\u043d\\u0430\\u043b\\u0438\\u0447\\u0438\\u0438\"]}}]"}}, {"model": "admin.logentry", "pk": 477, "fields": {"action_time": "2025-06-30T10:17:02.387Z", "user": 1, "content_type": 21, "object_id": "3", "object_repr": "Заказ #3 от Перелыгин Алексей Андреевич", "action_flag": 3, "change_message": ""}}, {"model": "admin.logentry", "pk": 478, "fields": {"action_time": "2025-06-30T10:17:02.387Z", "user": 1, "content_type": 21, "object_id": "2", "object_repr": "Заказ #2 от Перелыгин Алексей Андреевич", "action_flag": 3, "change_message": ""}}, {"model": "admin.logentry", "pk": 479, "fields": {"action_time": "2025-06-30T10:17:14.062Z", "user": 1, "content_type": 8, "object_id": "30", "object_repr": "Двигатель 1", "action_flag": 2, "change_message": "[{\"changed\": {\"fields\": [\"\\u041a\\u043e\\u043b\\u0438\\u0447\\u0435\\u0441\\u0442\\u0432\\u043e\", \"\\u0412 \\u043d\\u0430\\u043b\\u0438\\u0447\\u0438\\u0438\"]}}]"}}, {"model": "admin.logentry", "pk": 480, "fields": {"action_time": "2025-06-30T10:28:23.298Z", "user": 1, "content_type": 8, "object_id": "30", "object_repr": "Двигатель 1", "action_flag": 2, "change_message": "[{\"changed\": {\"fields\": [\"\\u041a\\u043e\\u043b\\u0438\\u0447\\u0435\\u0441\\u0442\\u0432\\u043e\", \"\\u0412 \\u043d\\u0430\\u043b\\u0438\\u0447\\u0438\\u0438\"]}}]"}}, {"model": "admin.logentry", "pk": 481, "fields": {"action_time": "2025-06-30T10:28:23.300Z", "user": 1, "content_type": 8, "object_id": "29", "object_repr": "Двигатель 2", "action_flag": 2, "change_message": "[{\"changed\": {\"fields\": [\"\\u041a\\u043e\\u043b\\u0438\\u0447\\u0435\\u0441\\u0442\\u0432\\u043e\", \"\\u0412 \\u043d\\u0430\\u043b\\u0438\\u0447\\u0438\\u0438\"]}}]"}}, {"model": "admin.logentry", "pk": 482, "fields": {"action_time": "2025-06-30T10:28:36.019Z", "user": 1, "content_type": 21, "object_id": "4", "object_repr": "Заказ #4 от Перелыгин Алексей Андреевич", "action_flag": 3, "change_message": ""}}, {"model": "admin.logentry", "pk": 483, "fields": {"action_time": "2025-06-30T10:29:16.277Z", "user": 1, "content_type": 21, "object_id": "5", "object_repr": "Заказ #5 от Перелыгин Алексей Андреевич", "action_flag": 2, "change_message": "[{\"changed\": {\"fields\": [\"\\u0421\\u0442\\u0430\\u0442\\u0443\\u0441\"]}}]"}}, {"model": "admin.logentry", "pk": 484, "fields": {"action_time": "2025-06-30T10:32:37.078Z", "user": 1, "content_type": 8, "object_id": "30", "object_repr": "Двигатель 1", "action_flag": 2, "change_message": "[{\"changed\": {\"fields\": [\"\\u041a\\u043e\\u043b\\u0438\\u0447\\u0435\\u0441\\u0442\\u0432\\u043e\", \"\\u0412 \\u043d\\u0430\\u043b\\u0438\\u0447\\u0438\\u0438\"]}}]"}}, {"model": "admin.logentry", "pk": 485, "fields": {"action_time": "2025-06-30T10:32:37.079Z", "user": 1, "content_type": 8, "object_id": "29", "object_repr": "Двигатель 2", "action_flag": 2, "change_message": "[{\"changed\": {\"fields\": [\"\\u041a\\u043e\\u043b\\u0438\\u0447\\u0435\\u0441\\u0442\\u0432\\u043e\", \"\\u0412 \\u043d\\u0430\\u043b\\u0438\\u0447\\u0438\\u0438\"]}}]"}}, {"model": "admin.logentry", "pk": 486, "fields": {"action_time": "2025-06-30T10:32:42.905Z", "user": 1, "content_type": 21, "object_id": "5", "object_repr": "Заказ #5 от Перелыгин Алексей Андреевич", "action_flag": 3, "change_message": ""}}, {"model": "admin.logentry", "pk": 487, "fields": {"action_time": "2025-06-30T10:34:30.069Z", "user": 1, "content_type": 21, "object_id": "7", "object_repr": "Заказ #7 от Перелыгин Алексей Андреевич", "action_flag": 3, "change_message": ""}}, {"model": "admin.logentry", "pk": 488, "fields": {"action_time": "2025-06-30T10:34:30.069Z", "user": 1, "content_type": 21, "object_id": "6", "object_repr": "Заказ #6 от Перелыгин Алексей Андреевич", "action_flag": 3, "change_message": ""}}, {"model": "auth.user", "pk": 1, "fields": {"password": "pbkdf2_sha256$1000000$tSbyiZfhY4bTef44ohwE5L$l6A8derb+H3b7jS6OGidEwdxD0pSThtDiWHqt3IfvBw=", "last_login": "2025-06-29T04:46:20.050Z", "is_superuser": true, "username": "admin", "first_name": "", "last_name": "", "email": "motolom24@yandex.ru", "is_staff": true, "is_active": true, "date_joined": "2025-06-29T04:45:56.290Z", "groups": [], "user_permissions": []}}, {"model": "sites.site", "pk": 1, "fields": {"domain": "motolom24.ru", "name": "motolom24.ru"}}, {"model": "shop.category", "pk": 12, "fields": {"name": "Мотоциклы", "slug": "motorcycles", "parent": null, "meta_title": "Мотоциклы - Купить мотоцикл в Москве | motolom24", "meta_description": "Купить мотоциклы в Москве. Большой выбор спортивных, круизеров, эндуро. Гарантия, доставка, кредит.", "meta_keywords": "мотоциклы, купить мотоцикл, спортивные мотоциклы, круизеры, эндуро"}}, {"model": "shop.category", "pk": 25, "fields": {"name": "Запчасти Б\\У", "slug": "zapchasti-bu", "parent": null, "meta_title": "", "meta_description": "", "meta_keywords": ""}}, {"model": "shop.category", "pk": 26, "fields": {"name": "Yamaha запчасти б/у", "slug": "yamaha-zapchasti-bu", "parent": 25, "meta_title": "", "meta_description": "", "meta_keywords": ""}}, {"model": "shop.category", "pk": 27, "fields": {"name": "Yamaha BT1100", "slug": "yamaha-bt1100", "parent": 26, "meta_title": "", "meta_description": "", "meta_keywords": ""}}, {"model": "shop.product", "pk": 27, "fields": {"category": 27, "name": "Двигатель 4", "slug": "dvigatel-p610e", "image": "products/photo_2025-05-11_20-55-00_2_magicstudio_cac5ihv2q9e.png", "description": "Пробег 26000 км", "price": "145000.00", "quantity": 1, "available": true, "created": "2025-06-29T10:51:32.297Z", "updated": "2025-06-30T10:34:16.063Z", "meta_title": "", "meta_description": "", "meta_keywords": ""}}, {"model": "shop.product", "pk": 28, "fields": {"category": 27, "name": "Двигатель 3", "slug": "p610e-saxtod", "image": "products/photo_2025-05-11_20-55-00_2_magicstudio_cac5ihv2q9e.png", "description": "Пробег 26000 км", "price": "145000.00", "quantity": 1, "available": true, "created": "2025-06-30T04:21:25.350Z", "updated": "2025-06-30T10:34:16.058Z", "meta_title": "", "meta_description": "", "meta_keywords": ""}}, {"model": "shop.product", "pk": 29, "fields": {"category": 27, "name": "Двигатель 2", "slug": "p610e-2dl0sk", "image": "products/photo_2025-05-11_20-55-00_2_magicstudio_cac5ihv2q9e.png", "description": "Пробег 26000 км", "price": "145000.00", "quantity": 1, "available": true, "created": "2025-06-30T04:21:42.925Z", "updated": "2025-06-30T10:34:16.054Z", "meta_title": "", "meta_description": "", "meta_keywords": ""}}, {"model": "shop.product", "pk": 30, "fields": {"category": 27, "name": "Двигатель 1", "slug": "p610e-ldhocd", "image": "products/photo_2025-05-11_20-55-00_2_magicstudio_cac5ihv2q9e.png", "description": "Пробег 26000 км", "price": "145000.00", "quantity": 1, "available": true, "created": "2025-06-30T04:21:42.943Z", "updated": "2025-06-30T10:34:16.049Z", "meta_title": "", "meta_description": "", "meta_keywords": ""}}, {"model": "shop.productimage", "pk": 1, "fields": {"product": 27, "image": "products/gallery/photo_2025-05-11_20-54-59_12_magicstudio_xrltbmazf0k.png", "alt": "", "order": 0}}, {"model": "shop.productimage", "pk": 2, "fields": {"product": 27, "image": "products/gallery/photo_2025-05-11_20-55-19_25_magicstudio_gt2lg04319n.png", "alt": "", "order": 0}}, {"model": "shop.productimage", "pk": 3, "fields": {"product": 27, "image": "products/gallery/photo_2025-05-11_20-55-00_magicstudio_gz6k1gwx09f.png", "alt": "", "order": 0}}, {"model": "shop.productimage", "pk": 4, "fields": {"product": 28, "image": "products/gallery/photo_2025-05-11_20-54-59_12_magicstudio_xrltbmazf0k.png", "alt": "", "order": 0}}, {"model": "shop.productimage", "pk": 5, "fields": {"product": 28, "image": "products/gallery/photo_2025-05-11_20-55-19_25_magicstudio_gt2lg04319n.png", "alt": "", "order": 0}}, {"model": "shop.productimage", "pk": 6, "fields": {"product": 28, "image": "products/gallery/photo_2025-05-11_20-55-00_magicstudio_gz6k1gwx09f.png", "alt": "", "order": 0}}, {"model": "shop.productimage", "pk": 7, "fields": {"product": 29, "image": "products/gallery/photo_2025-05-11_20-54-59_12_magicstudio_xrltbmazf0k.png", "alt": "", "order": 0}}, {"model": "shop.productimage", "pk": 8, "fields": {"product": 29, "image": "products/gallery/photo_2025-05-11_20-55-19_25_magicstudio_gt2lg04319n.png", "alt": "", "order": 0}}, {"model": "shop.productimage", "pk": 9, "fields": {"product": 29, "image": "products/gallery/photo_2025-05-11_20-55-00_magicstudio_gz6k1gwx09f.png", "alt": "", "order": 0}}, {"model": "shop.productimage", "pk": 10, "fields": {"product": 30, "image": "products/gallery/photo_2025-05-11_20-54-59_12_magicstudio_xrltbmazf0k.png", "alt": "", "order": 0}}, {"model": "shop.productimage", "pk": 11, "fields": {"product": 30, "image": "products/gallery/photo_2025-05-11_20-55-19_25_magicstudio_gt2lg04319n.png", "alt": "", "order": 0}}, {"model": "shop.productimage", "pk": 12, "fields": {"product": 30, "image": "products/gallery/photo_2025-05-11_20-55-00_magicstudio_gz6k1gwx09f.png", "alt": "", "order": 0}}, {"model": "shop.staticpage", "pk": 4, "fields": {"title": "Условия и доставка", "slug": "usloviya-i-dostavka", "content": "<header>\r\n<h2><strong>Мы осуществляем продажу мототехники и контрактных бу запчастей на мотоциклы HONDA, KAWASAKI, YAMAHA, SUZUKI, BMW, DUCATI.</strong></h2>\r\n</header>\r\n\r\n<h3><strong>Общие условия работы:</strong></h3>\r\n\r\n<p>✓ Отправка осуществляется&nbsp;<strong>после 100% предоплаты</strong>&nbsp;за запчасть, альтернативный вариант отправки &mdash;&nbsp;<strong>Авито доставка</strong>!</p>\r\n\r\n<p>✓ Мы работаем с транспортными компаниями СДЭК, GTD, ПЭК, Деловые линии, Энергия!</p>\r\n\r\n<p>✓ Отправка запчастей осуществляется&nbsp;<strong>в течении 3х-дней</strong>, в некоторых случаях срок отправки может быть увеличен!</p>\r\n\r\n<p>✓ Доставка до покупателя в том числе обратная доставка в случае гарантийного возврата осуществляется&nbsp;<strong>за счёт покупателя</strong>.</p>\r\n\r\n<p>✓ Претензии по внешнему виду не принимаются после получения, а также если о дефектах было указано в объявлении и на фотографиях.</p>\r\n\r\n<p><strong>Внимание! Во избежании ненужных покупок вы всегда можете уточнить всю информацию у нас до момента приобретения</strong></p>\r\n\r\n<h2><strong>Общие рекомендации к эксплуатации:</strong></h2>\r\n\r\n<p>✓&nbsp;<strong>Все запчасти сняты с рабочей техники</strong>&nbsp;и проходят внутреннюю проверку,&nbsp;<strong>но мы рекомендуем проводить обслуживание запчастей</strong>: проводить чистку контактов, промывку, замену расходников, сальников, технических жидкостей</p>\r\n\r\n<p>✓ Элементы топливной системы перед эксплуатации&nbsp;<strong>подлежат обязательной промывке</strong></p>\r\n\r\n<p>✓ Элементы двигателя и сам двигатель&nbsp;<strong>подлежат обслуживанию</strong>: промывке замене фильтров, технических жидкостей, в некоторых случаях замена прокладок и сальников</p>\r\n\r\n<p>✓ Также рекомендуется провести замену сальников и технических жидкостей элементам подвески.</p>\r\n\r\n<h2><strong>Гарантии и возврат Б\\У запчастей:</strong></h2>\r\n\r\n<p><em>Просим обратить внимание, что все представленные запчасти сняты с рабочей техники и проходят внутреннюю проверку перед разбором, но&nbsp;<strong>являются бывшими в употреблении</strong>&nbsp;и имею износ и следы эксплуатации (за исключением новых запчастей на них мы делаем отдельные пометки в объявлении), также просим обратить внимание что у представленных запчастей&nbsp;<strong>истек заводской гарантийный срок</strong>.</em></p>\r\n\r\n<ol>\r\n\t<li>Возврат б/у запчастей возможен только по причине их неисправности (гарантийный случай), количество дней на выявление дефектов 3 дня с момента получения.</li>\r\n\t<li><strong>Не подлежат возврату товары</strong>&nbsp;по причине &laquo;не понадобилось&raquo;, &laquo;не подошло&raquo;, &laquo;нашел у другого&raquo;, &laquo;оказывается дело в другом&raquo; или иной подобной другой причине.</li>\r\n\t<li>При наступлении гарантийного случая необходимо прикрепить фото и видео с доказательством неисправности.</li>\r\n\t<li>При наступлении гарантийного случая возврат б/у мото запчастей должен быть осуществлен в течении 3-х дней с момента оповещения продавца и предоставления фото и видео материала. Возврат происходит за счет покупателя.</li>\r\n\t<li>Гарантийные обязательства являются действительными при эксплуатации мото запчасти в соответствии с нормами и рекомендациями изготовителя.</li>\r\n\t<li>Гарантийные обязательства не распространяются на детали, имеющие следы вскрытия, износа, среза. В таких случаях возврат невозможен.</li>\r\n\t<li>В случае возврата, обмена, мотозапчастей по гарантии расходы понесенные покупателем при покупке, транспортировке, установке и иные расходы продавцом не компенсируются.</li>\r\n</ol>\r\n\r\n<h2><strong>Условия гарантии двигатель</strong></h2>\r\n\r\n<ol>\r\n\t<li>Мы даем гарантию только на запуск двигателя.</li>\r\n\t<li>Гарантия распространяется на ГБЦ, поршня, цилиндры, коленвал.</li>\r\n\t<li>Внешний вид, сальники, прокладки, КПП, сцепление и прочее в гарантию не входит.</li>\r\n\t<li>Гарантия сохраняется в случае НЕ разбора двигателя.</li>\r\n\t<li>При гарантийном случае, обратная доставка за счёт покупателя.</li>\r\n\t<li>В случае возврата расходы понесенные покупателем при покупке, транспортировке, установке и иные расходы продавцом не компенсируются.</li>\r\n</ol>\r\n\r\n<h3><strong>Гарантия не распространяется</strong></h3>\r\n\r\n<ol>\r\n\t<li>На расходные материалы: сальники, прокладки, фильтры, технические жидкости и прочее</li>\r\n\t<li>На электрические элементы которые были заведомо исправны, но потеряли свою работоспособность во время проверки\\эксплуатации покупателем</li>\r\n\t<li>В случае если были внесены изменения в конструкцию техники не предусмотренные заводом изготовителем.</li>\r\n\t<li>В случае иных поломок техники покупателя</li>\r\n</ol>\r\n\r\n<p><br />\r\n✓ Мы тщательно осуществляем подбор и проверку запчастей, поэтому попадание неисправной запчасти сведено к минимуму. По состоянию внешнего вида вы всегда можете запросить дополнительные фотографии или видео.<br />\r\n✓ Во избежание ненужной покупки, если по каким то причинам Вам недостаточно описания или фотографий, Вы можете запросить дополнительно материал, в т.ч. видео материал!<br />\r\n✓ Также мы понимаем ваши переживания связанные с &laquo;покупкой воздуха&raquo; и предлагаем Вам ознакомиться с&nbsp;<a href=\"https://vk.com/topic-77687702_40719342\" rel=\"noreferrer noopener\" target=\"_blank\">нашими отзывами</a>.</p>\r\n\r\n<p><strong>Преимущества работы с нами:</strong><br />\r\n✓Отправка запчастей и мототехники в ЛЮБОЙ регион РФ!<br />\r\n✓При отправке в регион доставка до ТК бесплатна!</p>\r\n\r\n<p>&nbsp;</p>\r\n\r\n<p>По вопросам покупки, а также выкуп битой и неисправной мототехники:<br />\r\nРежим работы: 9:00-20:00 (по Красноярскому времени, сообщения принимаем круглосуточно)</p>\r\n\r\n<p><br />\r\n+7 913 035 09 59 (Звонки, смс, Telegram)<br />\r\n<a href=\"mailto:motolom24@yandex.ru\">motolom24@yandex.ru</a></p>\r\n\r\n<p><strong>Социальные сети</strong><br />\r\n<a href=\"https://vk.com/24motolom\" rel=\"noreferrer noopener\" target=\"_blank\">Мы Вконтакте</a><br />\r\n<a href=\"https://instagram.com/motolom24.ru\" rel=\"noreferrer noopener\" target=\"_blank\">Мы в Instagram</a></p>", "is_active": true, "created": "2025-06-29T05:07:02.099Z", "updated": "2025-06-30T02:56:19.473Z", "meta_title": "Условия и доставка - motolom24", "meta_description": "Условия покупки и доставки мотоциклов и запчастей. Кредит, рассрочка, бесплатная доставка по Москве.", "meta_keywords": "условия покупки, доставка, кредит, рассрочка, мотоциклы"}}, {"model": "shop.staticpage", "pk": 5, "fields": {"title": "Выкуп мотоциклов", "slug": "vykup-motociklov", "content": "<p>&nbsp;</p>\r\n\r\n<p><img alt=\"\" height=\"576\" src=\"/media/uploads/2025/06/30/photo_2024-02-09_22-00-30.jpg\" width=\"1280\" /></p>\r\n\r\n<p>Принимаем в разбор иностранные мотоциклы объемом от 250 кубиков.</p>\r\n\r\n<p>&nbsp;</p>\r\n\r\n<p><strong>Внимание! Не принимаем: русскую и китайскую технику, а также мопеды и питбайк, до 250 кубиков.</strong></p>\r\n\r\n<p>Осуществляем&nbsp;<strong>срочный выкуп мотоциклов</strong>&nbsp;в&nbsp;<strong>любом состоянии</strong>, после ДТП, разобранные и остатков запчастей. Быстрая оценка и расчёт. Оплата сразу. Поможем вывезти. Работаем с регионами.</p>\r\n\r\n<p>Выкуп мотоциклов Suzuki Kawasaki Honda Yamaha BMW и др.</p>\r\n\r\n<p>Мы выкупаем, принимаем мотозапчасти и мототехнику иностранного производства.</p>\r\n\r\n<p>По вопросам покупки, а также выкуп мототехники в любом состоянии вы можете обратиться к нам:</p>\r\n\r\n<h2><strong>Мотолом24: Моторазборка в Красноярске</strong></h2>\r\n\r\n<p>Адрес: г.Красноярск, ул. 40 лет победы 2г, бокс 60/3</p>\r\n\r\n<p><strong>Телефоны</strong></p>\r\n\r\n<p>&nbsp;<a href=\"tel:+79130350959\">+79130350959</a>&nbsp;(Звонки, смс, Telegram)</p>\r\n\r\n<p>&nbsp;<a href=\"tel:+79950777585\">+79950777585</a>&nbsp;(Звонки, Viber, Whatsapp, Telegram)</p>\r\n\r\n<p><a href=\"mailto:motolom24@yandex.ru\">motolom24@yandex.ru</a></p>\r\n\r\n<p><strong>Социальные сети</strong><br />\r\n<a href=\"https://vk.com/24motolom\" rel=\"noreferrer noopener\" target=\"_blank\">Мы Вконтакте</a></p>\r\n\r\n<p><strong>Режим работы</strong><br />\r\nПонедельник&mdash;Пятница: 9:00&ndash;21:00<br />\r\nСуббота и воскресенье: 10:00&ndash;18:00</p>", "is_active": true, "created": "2025-06-29T05:07:02.102Z", "updated": "2025-06-30T03:36:23.956Z", "meta_title": "Выкуп мотоциклов - Продать мотоцикл | motolom24", "meta_description": "Выкуп мотоциклов в любом состоянии. Быстрая оценка, наличный расчет, бесплатная эвакуация.", "meta_keywords": "выкуп мотоциклов, продать мотоцикл, оценка мотоцикла, наличный расчет"}}, {"model": "shop.staticpage", "pk": 6, "fields": {"title": "Контакты", "slug": "kontakty", "content": "<p><strong>Телефон</strong><br />\r\n<a href=\"tel:+79130350959\">+7 913 035 09 59</a>&nbsp;(Звонки, смс, Telegram)<br />\r\n<a href=\"mailto:motolom24@yandex.ru\">motolom24@yandex.ru</a></p>\r\n\r\n<p><strong>Социальные сети</strong><br />\r\n<a href=\"https://vk.com/24motolom\" rel=\"noreferrer noopener\" target=\"_blank\">Мы Вконтакте</a><br />\r\n<a href=\"https://instagram.com/motolom24.ru\" rel=\"noreferrer noopener\" target=\"_blank\">Мы в Instagram</a></p>\r\n\r\n<p><strong>Адрес</strong><br />\r\nРоссия, Красноярск м-н Солнечный, 40 лет Победы, 2</p>\r\n\r\n<p><strong>Часы</strong><br />\r\nПонедельник&mdash;Пятница: 8:00&ndash;20:00<br />\r\nСуббота и воскресенье: 10:00&ndash;18:00</p>", "is_active": true, "created": "2025-06-29T05:07:02.105Z", "updated": "2025-06-29T10:53:57.053Z", "meta_title": "Контакты - motolom24", "meta_description": "Контакты магазина мотоциклов motolom24. Адрес, телефоны, режим работы. Москва, ул. Мотоциклетная.", "meta_keywords": "контакты, адрес, телефоны, motolom24, мотоциклы Москва"}}, {"model": "shop.banner", "pk": 1, "fields": {"title": "Баннер 1", "image": "banners/banner_avito_1.jpg", "link": "", "is_active": true, "order": 1, "created": "2025-06-29T10:10:27.348Z", "updated": "2025-06-29T16:25:12.417Z"}}, {"model": "shop.mainpagesettings", "pk": 1, "fields": {"products_count": 8, "text_block": "<p><strong>МОТОЛОМ24</strong>&nbsp;&mdash; это первая моторазборка в Красноярске с доставкой запчастей для мототехники по всей России. Мы рады сообщить, что активно работаем не только с частными лицами, но и мотосервисами.</p>\r\n\r\n<p><strong>MOTOLOM24</strong>&nbsp;&mdash; это честная и надежная моторазборка. Нам важна репутация и мы стремимся повышать наш сервис! Ознакомьтесь с нашим каталогом запчастей и мотоциклов.</p>\r\n\r\n<p><strong>Запчасти для мототехники</strong><br />\r\nНа полках нашего склада более 1000 единиц бу запасных частей для мотоциклов японского производства. У нас вы можете найти запчасти, на мотоциклы, которые уже давно сняты с производства &mdash; от 125 куб.см. до 1300 куб.см. выпуска с начала 80-х до наших дней.</p>\r\n\r\n<p><strong>Разборка мотоциклов</strong><br />\r\nМы регулярно пополняем запасы оригинальных б/у запчастей Honda, Kawasaki, Yamaha, Suzuki за счет разборки неремонтопригодных или битых мотоциклов. Зачастую проще и дешевле продать мотоцикл на запчасти, чем пытаться его ремонтировать. У нас 100% подтверждение легальности всех привезенных на разбор мото.</p>\r\n\r\n<p><strong>Будем рады сотрудничеству с Вами!</strong></p>", "updated": "2025-06-29T10:10:58.943Z"}}, {"model": "shop.menuitem", "pk": 1, "fields": {"title": "Выкуп мотоциклов", "url": "/vykup-motociklov", "parent": null, "order": 2, "is_active": true, "new_tab": false}}, {"model": "shop.menuitem", "pk": 2, "fields": {"title": "Контакты", "url": "/kontakty", "parent": null, "order": 3, "is_active": true, "new_tab": false}}, {"model": "shop.menuitem", "pk": 3, "fields": {"title": "Условия и доставка", "url": "/usloviya-i-dostavka", "parent": null, "order": 1, "is_active": true, "new_tab": false}}, {"model": "shop.menuitem", "pk": 4, "fields": {"title": "Каталог", "url": "/catalog/", "parent": null, "order": 0, "is_active": true, "new_tab": false}}, {"model": "shop.footersettings", "pk": 1, "fields": {"text_block": "<p><strong>Моторазборка MOTOLOM24 &copy; 2025 | Все права защищены</strong></p>\r\n\r\n<p><strong>Копирование информации и фотографий запрещено!</strong></p>", "updated": "2025-06-30T02:57:53.227Z"}}, {"model": "shop.sitesettings", "pk": 1, "fields": {"logo": "site/logo_sait.png", "updated": "2025-06-29T16:39:24.362Z"}}, {"model": "seo.seosettings", "pk": 1, "fields": {"site_name": "motolom24", "default_title": "motolom24 - Интернет-магазин мотоциклов и запчастей", "default_description": "Купить мотоциклы, запчасти и аксессуары в интернет-магазине motolom24. Большой выбор, выгодные цены, доставка по России.", "default_keywords": "мотоциклы, запчасти, аксессуары, купить мотоцикл, мотоциклетные запчасти", "google_analytics": "", "yandex_metrika": "64590856", "robots_txt": "User-agent: *\r\nAllow: /\r\n\r\n# Запрещаем админку\r\nDisallow: /admin/\r\nDisallow: /seo-admin/\r\n\r\n# Разрешаем sitemap\r\nSitemap: https://motolom24.ru/sitemap.xml"}}, {"model": "media_manager.mediafile", "pk": 342, "fields": {"name": "banner_avito_1.jpg", "file": "banners/banner_avito_1.jpg", "description": "", "uploaded_at": "2025-06-29T16:21:51.232Z", "uploaded_by": null}}, {"model": "media_manager.mediafile", "pk": 351, "fields": {"name": "logo_sait.png", "file": "site/logo_sait.png", "description": "", "uploaded_at": "2025-06-29T16:39:24.365Z", "uploaded_by": null}}, {"model": "media_manager.mediafile", "pk": 352, "fields": {"name": "photo_2025-05-11_20-55-00_2_magicstudio_cac5ihv2q9e.png", "file": "products/photo_2025-05-11_20-55-00_2_magicstudio_cac5ihv2q9e.png", "description": "", "uploaded_at": "2025-06-29T16:41:36.602Z", "uploaded_by": null}}, {"model": "media_manager.mediafile", "pk": 355, "fields": {"name": "photo_2024-02-09_22-00-30.jpg", "file": "media_files/photo_2024-02-09_22-00-30.jpg", "description": "", "uploaded_at": "2025-06-30T03:36:00.505Z", "uploaded_by": null}}, {"model": "media_manager.mediafile", "pk": 356, "fields": {"name": "photo_2025-05-11_20-54-59_12_magicstudio_xrltbmazf0k.png", "file": "products/gallery/photo_2025-05-11_20-54-59_12_magicstudio_xrltbmazf0k.png", "description": "", "uploaded_at": "2025-06-30T04:00:09.899Z", "uploaded_by": null}}, {"model": "media_manager.mediafile", "pk": 357, "fields": {"name": "photo_2025-05-11_20-55-19_25_magicstudio_gt2lg04319n.png", "file": "products/gallery/photo_2025-05-11_20-55-19_25_magicstudio_gt2lg04319n.png", "description": "", "uploaded_at": "2025-06-30T04:00:33.356Z", "uploaded_by": null}}, {"model": "media_manager.mediafile", "pk": 358, "fields": {"name": "photo_2025-05-11_20-55-00_magicstudio_gz6k1gwx09f.png", "file": "products/gallery/photo_2025-05-11_20-55-00_magicstudio_gz6k1gwx09f.png", "description": "", "uploaded_at": "2025-06-30T04:00:33.359Z", "uploaded_by": null}}]